departamento,ocupados,observaciones,cobertura_4d,exposicion_promedio_4d,participacion_not_exposed,participacion_minimal_exposure,participacion_gradient_1,participacion_gradient_2,participacion_gradient_3,participacion_gradient_4,participacion_sin_correspondencia_4d,participacion_expuesta_g1_g4,participacion_alta_g3_g4,cobertura_aioe,aioe_promedio,caioe_promedio,theta_promedio,participacion_cuadrante_alto_potencial_de_automatizacion_alta_complementariedad,participacion_cuadrante_alto_potencial_de_automatizacion_baja_complementariedad,participacion_cuadrante_bajo_potencial_de_automatizacion,participacion_cuadrante_sin_correspondencia_aioe,razon_complementariedad_sustitucion
Bogotá D.C.,4160820.0668823733,13368,0.962636766603693,0.31877076060101234,0.4283342599477342,0.18399617993795975,0.08575586471690258,0.12338439071097404,0.09896295248395125,0.04220311880617112,0.037363233396307,0.350306326717999,0.14116607129012237,0.9669239962012341,6.0785422239240745,4.606653996251039,0.5493455608618686,0.3877760608917983,0.26466063214410873,0.314487303165327,0.033076003798765914,1.465182251513148
Antioquia,3311770.076703403,23055,0.9631099043513319,0.2731347721588275,0.5463444070028358,0.13808374555072023,0.09175600614665104,0.09238312739246288,0.05884320278482295,0.03569941547383914,0.036890095648667895,0.27868175179777604,0.09454261825866209,0.9665052888290806,5.917508032132823,4.522194238558712,0.5429789045060787,0.2772080049622355,0.22065402457124728,0.4686432592955978,0.03349471117091931,1.2563016038383086
Atlántico,1256860.111565948,15703,0.964104806500396,0.26992499958944205,0.5389610033594281,0.15573342047521926,0.1045470040773549,0.09087028964805074,0.05081785145383646,0.023175237486506364,0.035895193499604086,0.2694103826657485,0.07399308894034283,0.966834888908222,5.918362899513045,4.507741424350133,0.5455103311888136,0.28793266049857713,0.2233304868861822,0.4555717415234629,0.03316511109177784,1.289267150728591
Valle del Cauca,2011697.4232403869,18220,0.9687895747080913,0.26948146997698325,0.5584743306160698,0.13884285900337484,0.10591367990163152,0.07795157175068347,0.05623049516823473,0.031376638268097064,0.031210425291908553,0.2714723850886468,0.0876071334363318,0.9722535755360199,5.915116847399796,4.527887720533353,0.5420075743862129,0.27051774588941613,0.24043790198910275,0.461297927657501,0.027746424463979957,1.1251044184442962
Risaralda,449847.63761151687,16677,0.9665528007989942,0.26456458671143435,0.5573995597434447,0.1415377324146774,0.0999077994534172,0.08032724035279636,0.055193497191305924,0.032186971643352595,0.033447199201005876,0.2676155086408721,0.08738046883465851,0.970357718070739,5.8910986539753445,4.52015260675025,0.5398142749619677,0.27933080159237,0.21943218570264378,0.4715947307757251,0.029642281929261074,1.2729709668521274
Santander,1045570.2664773326,17222,0.9719010980625867,0.26344591866227063,0.5523455733642235,0.17383272233173702,0.08269253893676147,0.0893566250492864,0.042185457598599346,0.031488180781978986,0.028098901937413257,0.24572280236662622,0.07367363838057833,0.9758638580468103,5.9019417649194414,4.473468947893909,0.5487107631284001,0.31242309245217925,0.19562434629921407,0.467816419295417,0.02413614195318971,1.5970562885578543
Cundinamarca,1706608.0129832893,7711,0.9742535428822539,0.26293309240618135,0.5881086024729884,0.15158788825833344,0.07200629697183811,0.07958245592671474,0.050712090400701564,0.03225620885167769,0.02574645711774609,0.23455705215093206,0.08296829925237925,0.9795418627828341,5.897497144306783,4.483960023804102,0.546783976795674,0.3082084573398508,0.18629562041635528,0.48503778502662787,0.020458137217165936,1.6544052761467523
Quindío,256407.09811340953,13806,0.96959766641454,0.26090512374050784,0.5654806609577966,0.14055991646668956,0.11403717130876892,0.06884174258228723,0.05228192778409985,0.028396247314897854,0.030402333585460017,0.2635570889900538,0.0806781750989977,0.9731880291421194,5.8790071760950315,4.522634334715971,0.537804980798557,0.25963987406699907,0.23689059163489168,0.47665756344022864,0.02681197085788067,1.0960328659534515
Caldas,466839.7189306313,17618,0.9707255827068372,0.25972664917087634,0.584311464559581,0.1306523172401965,0.08871543733731696,0.0762855508983105,0.051403353090332705,0.039357459581099395,0.02927441729316282,0.2557618009070596,0.0907608126714321,0.9740863735451158,5.8627314642910395,4.482033500827998,0.5426665694934439,0.2603166335881396,0.20897331910576888,0.5047964208512074,0.025913626454884188,1.2456931569162857
Norte de Santander,673286.7145479275,12554,0.970011219600819,0.25273362010745837,0.6036443881877235,0.12347914416741518,0.08940386264139559,0.08919502381991568,0.024798016513947023,0.03949078427042226,0.0299887803991807,0.24288768724568055,0.06428880078436928,0.974437443285074,5.866509152059522,4.49343570420046,0.5406147540166824,0.2608624801106353,0.19422841220671902,0.5193465509677195,0.025562556714926094,1.3430706514400017
Meta,524442.8747610815,14412,0.9701016237823381,0.24912770454543026,0.6198694461970615,0.1158340335178106,0.10681970979372563,0.06709915032792553,0.02972427880472946,0.030755005141085527,0.029898376217661903,0.23439814406746615,0.06047928394581499,0.973768495412836,5.855917905946653,4.450605305866931,0.5471727702713535,0.26430344597565547,0.20522754244845726,0.5042375069887234,0.026231504587164056,1.2878556300114303
Caquetá,153617.57973122044,10498,0.9748150829091942,0.2441895452967142,0.5570470035966529,0.22724685348086443,0.07299172015790467,0.06855371813599852,0.03254095905905052,0.01643482847872317,0.025184917090805798,0.19052122583167688,0.04897578753777369,0.9785374048315437,5.8491898418299835,4.360722048232616,0.5606232233874225,0.3309641607345047,0.1640629109906163,0.4835103331064229,0.021462595168456274,2.017300307157383
Cesar,515871.1554272498,10942,0.9683362899937258,0.23884284362990993,0.6271280049755786,0.13108177401401555,0.1025297200915246,0.07169837931543582,0.021449494516536848,0.014448917080634463,0.031663710006274326,0.21012651100413174,0.03589841159717131,0.9705544868542751,5.848691571424871,4.43825006549883,0.5479205184575718,0.24342390239326495,0.19620315465853042,0.5309274298024798,0.02944551314572494,1.2406727242327829
Bolívar,885761.33413306,14472,0.9714372843976149,0.23670176875602375,0.6313908232954936,0.14327684209342517,0.09505839249393318,0.0591258248055236,0.024741590459794034,0.017843811249445413,0.02856271560238498,0.19676961900869624,0.04258540170923945,0.9747820214254704,5.823918264564217,4.44777515702323,0.5432164583949669,0.2239874711195556,0.18517600668462406,0.5656185436212907,0.02521797857452956,1.2095922961608732
Magdalena,594008.2057770758,13950,0.9774817854648514,0.23565579694433855,0.6408985465879988,0.12752859564169752,0.091810070896666,0.08040807817962249,0.023250019715020682,0.01358647444384599,0.022518214535148313,0.20905464323515516,0.03683649415886667,0.9819690105460297,5.840311743728337,4.427725546007656,0.5487248425715932,0.24533493499520428,0.17795857116110797,0.5586755043897174,0.018030989453970237,1.3786070173214624
Tolima,580409.6244525462,10840,0.9687305630282321,0.23509773599123912,0.6286938732587843,0.13064643773713833,0.09340658375491517,0.0699286297767828,0.02640066020992553,0.019654378290685903,0.0312694369717678,0.2093902520323094,0.046055038500611434,0.9724405776959671,5.817887662467482,4.4362648393363155,0.5438752336976516,0.2659039251650713,0.17355662927379015,0.5329800232571056,0.027559422304032865,1.5320874015454682
Boyacá,522604.1778084042,11586,0.9739088484344025,0.2316324053362856,0.6534544699401272,0.12348148681476431,0.09006317496656899,0.05898803821033038,0.0271213491567431,0.020800329345868354,0.02609115156559741,0.19697289167951082,0.04792167850261146,0.9760804310992113,5.802043412009661,4.403058527713904,0.5478399932095015,0.24342358492839253,0.16201325672066424,0.5706435894501546,0.023919568900788522,1.5024917704610568
Sucre,403195.9914862028,13201,0.9711248776015758,0.23072266779127773,0.6523617286235713,0.12448248573106163,0.08189031269927072,0.07827730231576714,0.020064122550258006,0.014048925681646967,0.028875122398424116,0.19428066324694282,0.03411304823190498,0.9735793576496228,5.824109838121129,4.445812212602701,0.5433711028486184,0.20482681809811915,0.1863302301818414,0.5824223093696622,0.026420642350377208,1.0992677779565172
Córdoba,791370.3113817273,11071,0.95328489764977,0.23052791612667356,0.6322468618190576,0.12425952111629729,0.08007722215824968,0.08450321552816761,0.02132801211964023,0.010870064908357352,0.04671510235023018,0.19677851471441493,0.03219807702799758,0.9547193715790958,5.821288148114727,4.431117521191882,0.5455956805503188,0.2096311293515352,0.17421949642075776,0.5708687458068028,0.04528062842090428,1.2032587262521683
La Guajira,348363.92584389634,10326,0.7999807562581971,0.2232341496430757,0.5406924239878448,0.14493100378833507,0.05036482331644704,0.039344407498849085,0.013202810533169723,0.011445287133551417,0.20001924374180277,0.11435732848201727,0.02464809766672114,0.80154925766315,5.816551285770126,4.376277851546466,0.554199110203694,0.18705416414637285,0.10679677779521923,0.507698315721558,0.19845074233684987,1.751496327960808
Chocó,137366.38913717508,8436,0.9839850164884993,0.21455316125536242,0.7447127212335535,0.08692712905693248,0.07643370609255443,0.05303075143681663,0.014982193204169998,0.00789851546447231,0.01601498351150083,0.15234516619801336,0.022880708668642304,0.9845511219538067,5.784335861636203,4.278080130557292,0.5674842477725451,0.21193215732244508,0.12984004533924665,0.6427789192921148,0.015448878046193432,1.6322557248706113
Nariño,849082.5809281863,17822,0.9609523351348557,0.21116713186983985,0.7212183304537149,0.07833056478691049,0.0680000229142435,0.06341895068655579,0.019277362261844073,0.010707104031586869,0.03904766486514431,0.16140343989423023,0.029984466293430947,0.962478052910634,5.758978067881187,4.4003846208171975,0.5421279843281398,0.17315113861174591,0.12764338186460195,0.661683532434286,0.03752194708936596,1.3565226499202006
Cauca,627653.8564868355,11958,0.9787156646006084,0.21014279575310021,0.7420381658139784,0.08540958115350912,0.06131642141283484,0.05639374333176671,0.018041945281315017,0.015515807607204158,0.021284335399391622,0.15126791763312072,0.03355775288851917,0.9800448044442756,5.750744244300599,4.397672947482539,0.541561281333654,0.1919588324363939,0.12463736436338638,0.6634486076444954,0.01995519555572427,1.5401387330104996
Huila,467605.97177084093,12026,0.9791319453169722,0.199785994140158,0.7304931133655022,0.09149178565563575,0.06517768453906098,0.05251816999665516,0.023185584049185946,0.01626560771093213,0.0208680546830278,0.15714704629583418,0.039451191760118076,0.9817055697702937,5.705663404539785,4.462299092774408,0.5238951827134101,0.1827827352524882,0.13313957070570287,0.6657832638121026,0.018294430229706393,1.3728655897240243
