sector,ocupados,observaciones,cobertura_4d,exposicion_promedio_4d,participacion_not_exposed,participacion_minimal_exposure,participacion_gradient_1,participacion_gradient_2,participacion_gradient_3,participacion_gradient_4,participacion_sin_correspondencia_4d,participacion_expuesta_g1_g4,participacion_alta_g3_g4,cobertura_aioe,aioe_promedio,caioe_promedio,theta_promedio,participacion_cuadrante_alto_potencial_de_automatizacion_alta_complementariedad,participacion_cuadrante_alto_potencial_de_automatizacion_baja_complementariedad,participacion_cuadrante_bajo_potencial_de_automatizacion,participacion_cuadrante_sin_correspondencia_aioe,razon_complementariedad_sustitucion
Actividades financieras y de seguros,426553.97783145675,5503,0.9955144577793563,0.4776661312259521,0.0888291381091066,0.1082018132476619,0.03722342766364259,0.2799367039909499,0.3322204610515218,0.1491029137164735,0.0044855422206437215,0.7984835064225879,0.48132337476799525,0.9966585496761978,6.455753340242709,4.9516339012254855,0.5416873489598658,0.4507343080403281,0.5013900856260091,0.04453415600986058,0.003341450323802229,0.8989693274001722
Información y comunicaciones,398052.6886598733,4813,0.9891934471165956,0.455065686431917,0.11435330465810761,0.12770669644968086,0.04215299430409024,0.3546569331381935,0.2792403027958167,0.07108321577070666,0.010806552883404373,0.7471334460088072,0.35032351856652333,0.9930689110331693,6.393261574636667,4.860843496343491,0.5489845014223337,0.48085497150692497,0.41708637086607897,0.09512756866016542,0.006931088966830728,1.152890636316959
Organizaciones extraterritoriales,9390.453984267377,85,0.9550124840678063,0.3808219047240757,0.23329266864631262,0.33268682874602284,0.07525904756307042,0.16053063189795733,0.11144129368630562,0.04180201352813761,0.044987515932193675,0.389032986675471,0.15324330721444324,0.9550124840678063,6.431090565635405,4.652795143217122,0.5857207518577708,0.7341383871728785,0.17967463012112106,0.041199466773806884,0.044987515932193675,4.085932369405664
Comercio y reparación,3902758.903545778,65606,0.9915812903670072,0.3542721595392403,0.2433562575710114,0.0792565533970679,0.35673647444741935,0.25136790141445764,0.022149669991386414,0.038714433545664395,0.008418709632992877,0.6689684793989278,0.06086410353705081,0.9935490081658656,6.091242587035764,4.596128479355293,0.5544047810843509,0.27498438313004536,0.48923608699371,0.2293285380421102,0.006450991834134447,0.5620688874767751
Administración pública y defensa,812268.4920920301,15965,0.9679991536131909,0.3516399376004869,0.36488359098284157,0.26402557390615267,0.05523808236676077,0.07455616935042604,0.12059752651759978,0.08869821048941,0.03200084638680912,0.33908998872419654,0.2092957370070098,0.9681682072113071,6.275132718446659,4.53798284416843,0.5869805779343318,0.5058527621557076,0.26220792939890103,0.2001075156566985,0.031831792788692734,1.929204670947025
"Inmobiliarias, profesionales y administrativas",2081979.3797183204,31146,0.9802260429136409,0.32197700783518224,0.4820051281358742,0.15288861691868025,0.022186428497208775,0.09476952317106474,0.18195495629989772,0.04642138989091507,0.019773957086359394,0.34533229785908626,0.2283763461908128,0.9973733449833563,6.057020568047637,4.758189628370497,0.519500483739305,0.38520546212212836,0.27421083141532937,0.33795705144589866,0.002626655016643892,1.404778433200119
Educación,1007559.2241345608,18110,0.9983688528086785,0.30887456987711104,0.6040969110316071,0.2610934489057564,0.028612464015723243,0.026919204549955562,0.04547348405045366,0.03217334025518257,0.0016311471913214447,0.13317849287131506,0.07764682430563623,0.9986865645228268,6.355674708908686,4.449294982648423,0.6069920092237853,0.8040822440516984,0.09219207901670011,0.10241224145442838,0.001313435477173121,8.721814852510736
Salud y asistencia social,1013370.5095546737,18477,0.9885398100340325,0.2829423581308468,0.608732249262859,0.14716388375751652,0.04259611081548446,0.048538097839909596,0.07694038767331858,0.06456908068494421,0.011460189965967598,0.23264367701365682,0.14150946835826278,0.9890382770470819,6.1161839661103095,4.416166804175875,0.5865373825863088,0.5203135672418837,0.17013233255728788,0.2985923772479103,0.010961722952918116,3.058287389709895
Transporte y almacenamiento,1792508.037738123,29763,0.7690863633066163,0.26818492533631755,0.2178376636183198,0.4087645459813024,0.062478887993147034,0.0317309433555423,0.03072901728975419,0.017545305068550583,0.23091363669338383,0.1424841537069941,0.04827432235830477,0.7714218581080926,5.845993323050583,4.277221669576155,0.5770189722919984,0.2647202090910561,0.04669855810686385,0.46000309091017266,0.22857814189190748,5.66870198615719
Industrias manufactureras,2513307.38999058,31989,0.914339247933042,0.24732118442371206,0.6070709494922677,0.13805275586146978,0.05486478673734597,0.06656410424740877,0.024904352797467166,0.02288229879708251,0.08566075206695811,0.16921554257930443,0.04778665159454968,0.9167367337064923,5.829924068896863,4.621491595542499,0.5143644922777184,0.17680963041558231,0.1964391211200959,0.5434879821708143,0.08326326629350755,0.9000734141316341
Alojamiento y servicios de comida,1733839.7050460202,30208,0.9992573817982014,0.2409114067520201,0.6241557211957854,0.25852220417345534,0.0684482005406844,0.023772034225234957,0.01889769398238391,0.005461527680657407,0.0007426182017985741,0.11657945642896067,0.024359221663041317,0.9993939381123756,5.78598867027519,4.59737287065883,0.5134559048141463,0.14325706556988713,0.17865718896914495,0.6774796835733435,0.0006060618876245118,0.801854469985131
"Artes, recreación y otros servicios",1235100.1965294841,21238,0.9792230755233295,0.2386514215376451,0.7409316776459964,0.08772241660969803,0.04123251426253115,0.06257015111797123,0.030309449269555623,0.01645686661757702,0.020776924476670462,0.15056898126763504,0.04676631588713264,0.9961482815118444,5.956505379227348,4.503696935447366,0.5516205495278006,0.4160140130440361,0.3473252968574837,0.23280897161032457,0.0038517184881555443,1.1977647951589807
"Electricidad, gas, agua y saneamiento",304637.1218098133,5115,0.9645652592911834,0.22224999407071364,0.7310630921656182,0.09072689557591132,0.014692583802019168,0.06028070682564982,0.032111045830779596,0.03569093509120535,0.035434740708816644,0.14277527154965394,0.06780198092198496,0.9668237903041419,5.853994150911871,4.275918864569876,0.5783956776183596,0.24255449359007655,0.08808538084474461,0.6361839158693207,0.03317620969585819,2.753629390756593
Minas y canteras,299823.920173771,2967,0.9945252971053171,0.1806707180875194,0.8796722457316292,0.0633707242167906,0.0050838358565049304,0.024490124066148197,0.012887333818736257,0.009021033415507935,0.00547470289468304,0.05148232715689731,0.021908367234244185,0.9950499166361381,5.630530303109515,4.017303061038267,0.5954747130773759,0.16065440549627497,0.027594634669727613,0.8068008764701355,0.004950083363862139,5.821943556024646
Construcción,1580385.0690432242,24970,0.9974229364263197,0.16016128926738213,0.9182975209235688,0.041764656794769095,0.0021415504625859477,0.011703717736531432,0.01168030567578204,0.011835184833082565,0.002577063573680259,0.037360758707981986,0.023515490508864603,0.9977401799587856,5.584530459506198,3.9890949680166523,0.5924338396122708,0.2443823056030031,0.0283631601317337,0.7249947142240487,0.00225982004121451,8.616187493493703
Hogares como empleadores,715904.3419566724,12037,0.9872699265288052,0.15342835810119856,0.9179587697644153,0.06924361070162585,5.4633776379916326e-05,1.2912286384039556e-05,0.0,0.0,0.012730073471194947,6.754606276395588e-05,0.0,0.9872699265288052,5.473791682464949,4.857696372851631,0.4183758643011878,0.1531186596405133,0.0007181886102196554,0.8334330782780722,0.012730073471194947,213.20118066712658
"Agricultura, ganadería, silvicultura y pesca",3127958.1670110268,29192,0.9986348014638199,0.14076254246568135,0.940855483505604,0.04653305473629715,0.0020282260553153957,0.0036872636576232537,0.002695284519820636,0.0028354889891594333,0.0013651985361800964,0.011246263221918719,0.00553077350898007,0.9987421595298557,5.545962031017034,4.320542575282273,0.5275376774922852,0.05535891912419301,0.008098022200098757,0.9352852182055639,0.0012578404701443031,6.836103650533077
