oficio_c8_4d,oficio_c8_label,occupation_name_isco08,grupo_exposicion_4d,ocupados,observaciones,exposicion_promedio_4d,desviacion_tareas_4d,aioe_all,caioe,caioe_w50,theta,cuadrante_aioe_caioe,participacion_empleo,grupo_exposicion_es
5223,"Vendedores y auxiliares de venta en tiendas, almacenes y afines",Shop Sales Assistants,Gradient 1,1337628.6058828542,23197,0.38,0.16,6.027552,4.710454,5.369003,0.5277778,"Alto potencial de automatización, baja complementariedad",0.05827076622349804,Baja
4110,Oficinistas generales,General Office Clerks,Gradient 4,309583.3989483505,5844,0.6,0.1,6.59278,5.667148,6.129964,0.4494444,"Alto potencial de automatización, baja complementariedad",0.013486300896569737,Muy alta
2411,Contadores,Accountants,Gradient 3,252537.74117273046,3800,0.51,0.08,6.677804,5.356271,6.017037,0.5068519,"Alto potencial de automatización, baja complementariedad",0.01100123577932452,Alta
5212,Vendedores ambulantes de alimentos preparados para consumo inmediato,Street Food Salespersons,Not Exposed,237436.93990301964,4320,0.22,0.11,6.120241,4.94497,5.532606,0.5045834,"Alto potencial de automatización, baja complementariedad",0.01034340351055807,Muy baja o ninguna
5142,Especialistas en tratamientos de belleza y afines,Beauticians and Related Workers,Not Exposed,220474.9010960782,3852,0.18,0.19,5.895388,4.488384,5.191886,0.5473843,"Alto potencial de automatización, baja complementariedad",0.00960449063620246,Muy baja o ninguna
9520,Vendedores ambulantes (excluyendo comidas de preparación inmediata),Street Vendors (excluding Food),Not Exposed,200865.8210312273,3585,0.2,0.1,6.533611,5.584422,6.059017,0.4544445,"Alto potencial de automatización, baja complementariedad",0.008750265393641484,Muy baja o ninguna
5230,"Cajeros de comercio, taquilleros y expendedores de boletas",Cashiers and Ticket Clerks,Gradient 1,191916.86119117524,3293,0.39,0.14,5.967376,5.152724,5.56005,0.4455556,"Alto potencial de automatización, baja complementariedad",0.008360424189222136,Baja
4222,Empleados de centros de llamadas,Contact Centre Information Clerks,Gradient 3,191575.44502539234,2301,0.58,0.06,6.482806,5.543252,6.013029,0.4540972,"Alto potencial de automatización, baja complementariedad",0.008345551165803107,Alta
4311,Auxiliares de contabilidad y cálculo de costos,Accounting and Bookkeeping Clerks,Gradient 4,161070.75975152224,2604,0.64,0.07,6.569447,5.652227,6.110837,0.4490278,"Alto potencial de automatización, baja complementariedad",0.007016683514126451,Muy alta
7531,"Sastres, modistos, peleteros y sombrereros","Tailors, Dressmakers, Furriers and Hatters",Not Exposed,135465.38614452176,2780,0.15,0.05,5.840518,4.787602,5.31406,0.4894444,"Alto potencial de automatización, baja complementariedad",0.00590124329928888,Muy baja o ninguna
7512,"Panaderos, pasteleros y confiteros","Bakers, Pastry-cooks and Confectionery Makers",Not Exposed,131486.40266696326,1970,0.17,0.08,5.860904,4.822222,5.341563,0.4863889,"Alto potencial de automatización, baja complementariedad",0.005727907879421013,Muy baja o ninguna
5211,Vendedores en quioscos y puestos de mercado,Stall and Market Salespersons,Gradient 1,112504.59116974869,2208,0.35,0.17,6.533611,5.584422,6.059017,0.4544445,"Alto potencial de automatización, baja complementariedad",0.0049010081739361226,Baja
4120,Secretarios generales,Secretaries (general),Gradient 3,106598.23377866385,1929,0.58,0.1,6.529984,5.584951,6.057467,0.4538889,"Alto potencial de automatización, baja complementariedad",0.004643711066761012,Alta
2512,Desarrolladores de software,Software Developers,Gradient 3,88504.18554450833,974,0.53,0.07,6.594469,5.235276,5.914872,0.5152778,"Alto potencial de automatización, baja complementariedad",0.0038554847608550575,Alta
5243,Vendedores puerta a puerta,Door-to-door Salespersons,Gradient 2,85843.3229933959,1255,0.46,0.18,6.533611,5.584422,6.059017,0.4544445,"Alto potencial de automatización, baja complementariedad",0.0037395702992572524,Media
5244,Vendedores a través de medios tecnológicos,Contact Centre Salespersons,Gradient 4,76827.25460029914,936,0.61,0.1,6.538582,5.835684,6.187133,0.4166667,"Alto potencial de automatización, baja complementariedad",0.00334680566243756,Muy alta
2166,Diseñadores gráficos y multimedia,Graphic and Multimedia Designers,Gradient 2,76570.17187238442,955,0.49,0.09,6.354967,4.864272,5.60962,0.5437499,"Alto potencial de automatización, baja complementariedad",0.003335606434585723,Media
2412,Asesores financieros y de inversiones,Financial and Investment Advisers,Gradient 3,72112.56695370383,796,0.57,0.11,6.657624,5.29039,5.974008,0.5145139,"Alto potencial de automatización, baja complementariedad",0.00314142095366016,Alta
2431,Profesionales de la publicidad y la comercialización,Advertising and Marketing Professionals,Gradient 3,71487.05547130128,801,0.55,0.09,6.582082,5.195694,5.888888,0.5198148,"Alto potencial de automatización, baja complementariedad",0.003114171960030022,Alta
3343,Secretarios administrativos y ejecutivos,Administrative and Executive Secretaries,Gradient 3,69084.86416068696,1110,0.54,0.14,6.466152,5.399941,5.933047,0.4741667,"Alto potencial de automatización, baja complementariedad",0.003009525926243582,Alta
4415,Empleados de archivos,Filing and Copying Clerks,Gradient 1,42127.90307457792,797,0.37,0.17,5.982029,5.355591,5.66881,0.4133334,"Alto potencial de automatización, baja complementariedad",0.0018352068584274138,Baja
4132,Grabadores de datos,Data Entry Clerks,Gradient 4,41359.44194938024,932,0.7,0.03,6.174678,5.287926,5.731302,0.4527778,"Alto potencial de automatización, baja complementariedad",0.001801730586776745,Muy alta
4226,Recepcionistas generales,Receptionists (general),Gradient 3,34171.97630422927,594,0.57,0.17,6.491278,5.551846,6.021562,0.4538889,"Alto potencial de automatización, baja complementariedad",0.0014886248947288472,Alta
4214,Cobradores y afines,Debt Collectors and Related Workers,Gradient 2,32803.8423817087,501,0.43,0.07,6.601304,5.340352,5.970828,0.5002778,"Alto potencial de automatización, baja complementariedad",0.001429025233349734,Media
3213,Técnicos y asistentes farmacéuticos,Pharmaceutical Technicians and Assistants,Minimal Exposure,26819.293019593533,563,0.3,0.12,6.037746,4.679253,5.3585,0.5341667,"Alto potencial de automatización, baja complementariedad",0.001168321869726141,Muy baja o ninguna
2422,Profesionales en políticas de administración,Policy Administration Professionals,Minimal Exposure,25341.547734184707,447,0.42,0.06,6.50828,4.965456,5.736868,0.5462222,"Alto potencial de automatización, baja complementariedad",0.0011039472371224216,Muy baja o ninguna
3118,Delineantes y dibujantes técnicos,Draughtspersons,Minimal Exposure,24521.659192699557,340,0.35,0.11,6.304472,5.179437,5.741955,0.4862222,"Alto potencial de automatización, baja complementariedad",0.001068230646343718,Muy baja o ninguna
3344,Secretarios médicos,Medical Secretaries,Gradient 3,24357.39294692273,399,0.53,0.11,6.548569,5.283544,5.916057,0.5025,"Alto potencial de automatización, baja complementariedad",0.0010610747587049697,Alta
3313,Técnicos de contabilidad y afines,Accounting Associate Professionals,Gradient 2,24192.37593571156,248,0.49,0.13,6.503252,5.437441,5.970346,0.4730555,"Alto potencial de automatización, baja complementariedad",0.001053886165667338,Media
4211,Cajeros de bancos y afines,Bank Tellers and Related Clerks,Gradient 3,22067.764330398782,359,0.58,0.09,6.024229,4.936072,5.48015,0.4881944,"Alto potencial de automatización, baja complementariedad",0.0009613322642148492,Alta
4229,Otros empleados de servicios de información al cliente no clasificados en otros grupos primarios,Client Information Workers Not Elsewhere Classified,Gradient 2,21575.501816979926,314,0.42,0.13,6.512033,5.497531,6.004782,0.4648519,"Alto potencial de automatización, baja complementariedad",0.000939887960681067,Media
4225,Empleados de ventanillas de información,Inquiry Clerks,Gradient 3,21086.199868967757,363,0.57,0.09,6.522058,5.544497,6.033278,0.4590278,"Alto potencial de automatización, baja complementariedad",0.0009185726274862443,Alta
3511,Técnicos en operaciones de tecnología de la información y las comunicaciones,Information and Communications Technology Operations Technicians,Gradient 2,20446.129002786154,246,0.43,0.13,6.229704,5.40438,5.817042,0.4426736,"Alto potencial de automatización, baja complementariedad",0.0008906893872163314,Media
9629,Otras ocupaciones elementales no clasificadas en otros grupos primarios,Elementary Workers Not Elsewhere Classified,Minimal Exposure,20032.493717181165,308,0.29,0.14,5.824871,4.922375,5.373623,0.4646666,"Alto potencial de automatización, baja complementariedad",0.0008726703011088167,Muy baja o ninguna
4212,Receptores de apuestas y afines,"Bookmakers, Croupiers and Related Gaming Workers",Gradient 2,16927.624624052194,322,0.45,0.19,6.198551,5.073949,5.63625,0.4903704,"Alto potencial de automatización, baja complementariedad",0.0007374136982785634,Media
3435,Otros técnicos y profesionales del nivel medio en actividades culturales y artísticas,,Sin correspondencia 4d,16483.62496402525,237,,,5.993934,4.592324,5.293129,0.5415646,"Alto potencial de automatización, baja complementariedad",0.0007180718568444332,Sin correspondencia 4d
2163,Diseñadores de productos y de prendas,Product and Garment Designers,Minimal Exposure,15130.071873227726,191,0.35,0.09,6.29408,4.796927,5.545504,0.5467989,"Alto potencial de automatización, baja complementariedad",0.0006591073764362868,Muy baja o ninguna
4416,Empleados del servicio de personal,Personnel Clerks,Gradient 4,14573.523643976545,188,0.6,0.09,6.644495,5.424491,6.034493,0.4927778,"Alto potencial de automatización, baja complementariedad",0.0006348626110236985,Muy alta
5249,Otros vendedores no clasificados en otros grupos primarios,,Sin correspondencia 4d,14387.244620604579,315,,,6.301773,5.209226,5.755499,0.4836111,"Alto potencial de automatización, baja complementariedad",0.0006267477864935479,Sin correspondencia 4d
2513,Desarrolladores web y multimedia,Web and Multimedia Developers,Gradient 4,13176.151192197496,141,0.6,0.08,6.525661,5.399984,5.962822,0.4816667,"Alto potencial de automatización, baja complementariedad",0.0005739892392173061,Muy alta
3411,"Técnicos y profesionales del nivel medio del derecho, de servicios legales y afines",Legal and Related Associate Professionals,Gradient 1,11914.568775411155,244,0.39,0.14,6.424738,5.110715,5.767727,0.5147421,"Alto potencial de automatización, baja complementariedad",0.0005190312533033366,Baja
2521,Diseñadores y administradores de bases de datos,Database Designers and Administrators,Gradient 3,10736.395155207876,109,0.57,0.08,6.613738,5.385603,5.999671,0.4948612,"Alto potencial de automatización, baja complementariedad",0.00046770678304931904,Alta
3315,Tasadores y evaluadores,Valuers and Loss Assessors,Gradient 2,10050.567464711503,89,0.45,0.19,6.45138,5.053278,5.752329,0.5259259,"Alto potencial de automatización, baja complementariedad",0.00043783025017109223,Media
3342,Secretarios jurídicos,Legal Secretaries,Gradient 3,10005.094518336593,193,0.55,0.13,6.491889,5.449581,5.970735,0.4697222,"Alto potencial de automatización, baja complementariedad",0.00043584932406346224,Alta
2413,Analistas financieros,Financial Analysts,Gradient 4,9957.805235836739,102,0.62,0.06,6.6709,5.34769,6.009295,0.5074537,"Alto potencial de automatización, baja complementariedad",0.00043378927337876024,Muy alta
5242,"Demostradores de tiendas, almacenes y afines",Sales Demonstrators,Gradient 2,9466.774627122259,205,0.42,0.11,6.090277,4.944967,5.517622,0.4972222,"Alto potencial de automatización, baja complementariedad",0.0004123986349884437,Media
2631,Economistas,Economists,Gradient 3,9147.89134718162,116,0.55,0.08,6.66744,5.093184,5.880312,0.5452778,"Alto potencial de automatización, baja complementariedad",0.0003985072058007888,Alta
2355,Otros profesores de artes,Other Arts Teachers,Minimal Exposure,9068.77762412759,152,0.35,0.1,6.451907,4.933163,5.692535,0.5451389,"Alto potencial de automatización, baja complementariedad",0.0003950607953092089,Muy baja o ninguna
4213,Prestamistas,Pawnbrokers and Money-lenders,Gradient 2,8364.031020100228,184,0.48,0.06,6.518089,5.55875,6.03842,0.4566841,"Alto potencial de automatización, baja complementariedad",0.0003643601027332018,Media
2152,Ingenieros electrónicos,Electronics Engineers,Gradient 2,8000.572445548991,86,0.42,0.13,6.441413,4.966583,5.703999,0.5384028,"Alto potencial de automatización, baja complementariedad",0.00034852685160769787,Media
3212,Técnicos de laboratorios médicos,Medical and Pathology Laboratory Technicians,Minimal Exposure,7573.647820980598,157,0.31,0.16,6.069285,4.628004,5.348644,0.5461111,"Alto potencial de automatización, baja complementariedad",0.00032992884549159796,Muy baja o ninguna
3331,Declarantes o gestores de aduana,Clearing and Forwarding Aents,Gradient 3,6363.865200224072,73,0.57,0.09,6.183125,4.83092,5.507022,0.5280555,"Alto potencial de automatización, baja complementariedad",0.0002772274005872954,Alta
7321,Preimpresores y afines,Pre-press Technicians,Gradient 1,5318.989834967381,73,0.38,0.22,6.204643,5.296419,5.750531,0.4555556,"Alto potencial de automatización, baja complementariedad",0.0002317097674611861,Baja
7311,Mecánicos y reparadores de instrumentos de precisión,Precision-instrument Makers and Repairers,Not Exposed,4762.1329748665685,75,0.21,0.08,5.971792,4.666332,5.319062,0.5276945,"Alto potencial de automatización, baja complementariedad",0.00020745155724335876,Muy baja o ninguna
2120,"Matemáticos, actuarios y estadísticos","Mathematicians, Actuaries and Statisticians",Gradient 3,4203.536839312676,27,0.56,0.09,6.683638,5.181784,5.932711,0.5339074,"Alto potencial de automatización, baja complementariedad",0.00018311757942241725,Alta
4223,Telefonistas,Telephone Switchboard Operators,Gradient 3,3898.934337925182,59,0.54,0.15,6.486005,5.862153,6.174079,0.4054167,"Alto potencial de automatización, baja complementariedad",0.00016984826006771598,Alta
3139,Técnicos en control de procesos no clasificados en otros grupos primarios,,Sin correspondencia 4d,3311.982167334404,33,,,6.023679,4.733608,5.378644,0.5233333,"Alto potencial de automatización, baja complementariedad",0.00014427901568519469,Sin correspondencia 4d
3514,Técnicos de la Web,Web Technicians,Gradient 3,3194.4709425121946,22,0.53,0.12,6.458063,5.28103,5.869546,0.4915277,"Alto potencial de automatización, baja complementariedad",0.0001391599048347412,Alta
2529,Profesionales en bases de datos y en redes de computadores no clasificados en otros grupos primarios,Database and Network Professionals Not Elsewhere Classified,Gradient 2,2754.0889027354906,26,0.49,0.06,6.594446,5.138431,5.866438,0.5299537,"Alto potencial de automatización, baja complementariedad",0.0001199756568484187,Media
2514,Programadores de aplicaciones,Applications Programmers,Gradient 3,2500.863372601095,21,0.57,0.08,6.607717,5.623902,6.115809,0.4580555,"Alto potencial de automatización, baja complementariedad",0.00010894445909787135,Alta
2641,Autores y otros escritores,Authors and Related Writers,Gradient 3,2482.8580110112925,36,0.55,0.09,6.532624,5.09641,5.814517,0.5290432,"Alto potencial de automatización, baja complementariedad",0.00010816009622513177,Alta
4313,Auxiliares encargados de las nóminas,Payroll Clerks,Gradient 4,2150.0089409811017,32,0.61,0.08,6.601463,5.759777,6.18062,0.4366667,"Alto potencial de automatización, baja complementariedad",9.366027896484167e-05,Muy alta
4411,Empleados de bibliotecas,Library Clerks,Gradient 2,2124.353650142055,31,0.46,0.18,6.089088,4.939146,5.514117,0.4980555,"Alto potencial de automatización, baja complementariedad",9.254266421863845e-05,Media
4419,Otro personal de apoyo administrativo no clasificados en otros grupos primarios,Clerical Support Workers Not Elsewhere Classified,Gradient 4,2009.6246039012271,36,0.63,0.03,6.522978,5.343334,5.933156,0.4899583,"Alto potencial de automatización, baja complementariedad",8.754475268838094e-05,Muy alta
4312,"Auxiliares de servicios estadísticos, financieros y de seguros","Statistical, Finance and Insurance Clerks",Gradient 4,1840.4572727192726,31,0.64,0.02,6.591086,5.515591,6.053339,0.4722743,"Alto potencial de automatización, baja complementariedad",8.017536034389633e-05,Muy alta
2519,Desarrolladores y analistas de software y multimedia no clasificados en otros grupos primarios,Software and Applications Developers and Analysts Not Elsewhere Classified,Gradient 3,1835.6270325025093,12,0.55,0.16,6.590802,5.22016,5.905481,0.5171296,"Alto potencial de automatización, baja complementariedad",7.996494184863054e-05,Alta
2522,Administradores de sistemas,Systems Aministrators,Gradient 3,1707.7607980572568,8,0.57,0.05,6.390465,5.162076,5.77627,0.5013888,"Alto potencial de automatización, baja complementariedad",7.4394738413634e-05,Alta
3353,Agentes de servicios de seguridad social,Government Social Benefits Officials,Gradient 2,1386.5046464690693,25,0.45,0.07,6.463698,5.036771,5.750235,0.5305754,"Alto potencial de automatización, baja complementariedad",6.0399940437030796e-05,Media
3352,Agentes de administración tributaria,Government Tax and Excise Officials,Gradient 2,1230.5990370656664,21,0.49,0.12,6.650681,5.617978,6.134329,0.4644444,"Alto potencial de automatización, baja complementariedad",5.360826502090763e-05,Media
4322,Empleados de servicios de apoyo a la producción,Production Clerks,Gradient 2,727.5346831291124,12,0.44,0.06,6.350068,4.864857,5.607462,0.5430556,"Alto potencial de automatización, baja complementariedad",3.169340372481237e-05,Media
2523,Profesionales en redes de computadores,Computer Network Professionals,Gradient 3,695.6415289543229,10,0.52,0.06,6.309319,4.892351,5.600835,0.53375,"Alto potencial de automatización, baja complementariedad",3.030405056439417e-05,Alta
3433,"Técnicos en galerías de arte, museos y bibliotecas","Gallery, Museum and Library Technicians",Gradient 1,690.4145758124076,10,0.37,0.2,5.886916,4.606616,5.246766,0.5255556,"Alto potencial de automatización, baja complementariedad",3.007635016739743e-05,Baja
4413,"Codificadores de datos, correctores de pruebas de imprenta y afines","Coding, Proofreading and Related Clerks",Gradient 3,539.8349971658536,9,0.51,0.2,6.615321,5.703876,6.159599,0.4469445,"Alto potencial de automatización, baja complementariedad",2.3516691240579722e-05,Alta
3354,Agentes gubernamentales de expedición de licencias,Government Licensing Officials,Gradient 2,404.8098652097102,5,0.43,0.07,6.451665,5.105389,5.778527,0.518631,"Alto potencial de automatización, baja complementariedad",1.7634626619720035e-05,Media
7549,"Otros oficiales, operarios y oficios relacionados no clasificados en otros grupos primarios",Craft and Related Workers not Elsewhere Classified,Not Exposed,231.74139507242367,8,0.14,0.01,5.838835,4.6612,5.250017,0.51,"Alto potencial de automatización, baja complementariedad",1.009528997599437e-05,Muy baja o ninguna
4131,Operadores de máquinas de procesamiento de texto y mecanógrafos,Typists and Word Processing Operators,Gradient 4,118.16573441046185,4,0.65,0.05,6.314931,5.653618,5.984275,0.4138889,"Alto potencial de automatización, baja complementariedad",5.147623081008634e-06,Muy alta
8132,Operadores de máquinas para fabricar productos fotográficos,Photographic Products Machine Operators,Not Exposed,95.30126926201805,3,0.27,0.06,5.871595,4.847328,5.359462,0.4836111,"Alto potencial de automatización, baja complementariedad",4.151584346766007e-06,Muy baja o ninguna
3314,"Técnicos y profesionales del nivel medio de servicios estadísticos, matemáticos y afines","Statistical, Mathematical and Related Associate Professionals",Gradient 3,48.76969007548972,2,0.57,0.1,6.653169,5.1789,5.916034,0.5308102,"Alto potencial de automatización, baja complementariedad",2.1245412939607805e-06,Alta
