quintil_ingreso,sector,ocupados,observaciones,participacion_quintil
1,"Agricultura, ganadería, silvicultura y pesca",1068235.904372042,8928,0.23269707561308642
1,Comercio y reparación,873436.2314815287,14727,0.1902632704709021
1,Alojamiento y servicios de comida,524830.4462487877,8755,0.1143254121444229
1,Industrias manufactureras,429069.74491610023,6018,0.09346556735960108
1,"Artes, recreación y otros servicios",400463.5556787484,6877,0.087234194165045
1,"Inmobiliarias, profesionales y administrativas",359687.4251667667,6757,0.07835180565318024
1,Transporte y almacenamiento,265648.7692001174,4812,0.05786707924727652
1,Hogares como empleadores,211846.6055933218,3720,0.04614719033349042
1,Construcción,200802.32794748567,3356,0.04374138174764646
1,"Electricidad, gas, agua y saneamiento",63784.6930235576,1094,0.013894413654056494
1,Salud y asistencia social,58699.15648318553,764,0.012786615764072891
1,Minas y canteras,57262.91485066822,582,0.012473754881572404
1,Educación,56804.78264244282,915,0.012373958549449601
1,Información y comunicaciones,10082.984706986379,173,0.0021964072216299965
1,Actividades financieras y de seguros,5782.837633237044,126,0.0012596931075730847
1,Administración pública y defensa,4226.289344805293,71,0.0009206254603556438
1,Organizaciones extraterritoriales,7.136780679204964,1,1.5546266386910222e-06
2,"Agricultura, ganadería, silvicultura y pesca",1135769.9586385726,10894,0.22708249565507255
2,Comercio y reparación,854677.3729152541,15291,0.17088167312873814
2,Transporte y almacenamiento,569346.5098601227,11027,0.11383346193318761
2,Alojamiento y servicios de comida,480509.29008687864,8922,0.09607161023097506
2,Construcción,467646.0707139887,8022,0.0934997760887374
2,Industrias manufactureras,385986.8751519033,6006,0.07717307737621679
2,"Artes, recreación y otros servicios",295199.8222220357,5502,0.05902138178356728
2,"Inmobiliarias, profesionales y administrativas",279079.79179452464,5368,0.05579839044480816
2,Hogares como empleadores,247881.7448091519,4761,0.04956074494703962
2,Salud y asistencia social,70337.87340632721,1293,0.01406314695215684
2,Educación,65819.68246242728,1213,0.013159793180925916
2,Minas y canteras,62436.478466518965,578,0.012483365352510748
2,"Electricidad, gas, agua y saneamiento",32253.83723581377,513,0.0064487370864612275
2,Actividades financieras y de seguros,22223.872617188357,422,0.0044433755433018265
2,Información y comunicaciones,17033.58287285715,294,0.0034056443202217105
2,Administración pública y defensa,15307.554574102584,308,0.003060547312970092
2,Organizaciones extraterritoriales,63.913432116354194,1,1.2778663109085925e-05
3,Comercio y reparación,942267.7883811842,16808,0.20510493777174454
3,Industrias manufactureras,701558.9303702689,9097,0.15270945534922098
3,"Agricultura, ganadería, silvicultura y pesca",454959.76144004054,4294,0.09903181952035263
3,"Inmobiliarias, profesionales y administrativas",425785.37774356053,6554,0.09268138472211367
3,Transporte y almacenamiento,384506.1175625638,6281,0.08369606208338422
3,Construcción,353054.7408142797,5517,0.07684999056280828
3,Alojamiento y servicios de comida,285236.38346246193,5565,0.06208786016214618
3,Salud y asistencia social,258770.95352014035,5010,0.056327087663759115
3,"Artes, recreación y otros servicios",190927.4062609949,3514,0.041559474135647874
3,Educación,134370.99186185806,2418,0.02924874888432971
3,Hogares como empleadores,90522.74688790955,1288,0.01970423121358058
3,Información y comunicaciones,84514.86361521589,1270,0.01839648564487899
3,"Electricidad, gas, agua y saneamiento",84395.91960742112,1325,0.018370594912310304
3,Administración pública y defensa,74748.90108996393,1341,0.01627071294976837
3,Actividades financieras y de seguros,72357.79861934995,1133,0.015750237847585693
3,Minas y canteras,55327.442112629054,459,0.012043212886515333
3,Organizaciones extraterritoriales,770.4435917459955,7,0.00016770368985358518
4,Comercio y reparación,691174.3311771844,11493,0.1651284112122242
4,Industrias manufactureras,563911.3584470863,6484,0.1347240232812168
4,"Inmobiliarias, profesionales y administrativas",439891.62479267415,5786,0.10509447737137831
4,Transporte y almacenamiento,358318.37019738,5045,0.085605816810461
4,Construcción,344650.3477062144,5239,0.08234039051123038
4,"Agricultura, ganadería, silvicultura y pesca",334644.08359281975,3623,0.07994979465041392
4,Alojamiento y servicios de comida,320108.52597338625,5136,0.07647710559424947
4,Salud y asistencia social,265494.7343034833,5063,0.06342932843885823
4,"Artes, recreación y otros servicios",172162.7253145555,2881,0.041131384686609956
4,Educación,161165.73014220735,2564,0.038504093337659626
4,Administración pública y defensa,137274.71031216337,2717,0.03279629145784188
4,Hogares como empleadores,134443.74589046347,1871,0.032119945945476784
4,Actividades financieras y de seguros,85304.34914270688,1243,0.02038005609878041
4,Información y comunicaciones,74714.91757069842,1076,0.017850135741136138
4,"Electricidad, gas, agua y saneamiento",52561.43559174506,943,0.012557448908028866
4,Minas y canteras,48913.23409943059,445,0.011685857344172712
4,Organizaciones extraterritoriales,943.6133947209418,14,0.0002254386102612632
5,Educación,589379.5214125657,10998,0.12876712366858964
5,Administración pública y defensa,579484.2666291082,11508,0.12660521703603506
5,"Inmobiliarias, profesionales y administrativas",577509.3722059372,6680,0.12617374382534155
5,Comercio y reparación,538700.6016680676,7259,0.1176948374946656
5,Industrias manufactureras,432745.8773584608,4381,0.09454594176149332
5,Salud y asistencia social,359999.4145745491,6344,0.07865235803585305
5,Actividades financieras y de seguros,240633.7442416801,2578,0.05257345051511247
5,Construcción,214139.18299804808,2835,0.0467849418882312
5,Transporte y almacenamiento,213316.57362947176,2582,0.04660521891102199
5,Información y comunicaciones,211659.10576868572,1997,0.046243096778758166
5,"Artes, recreación y otros servicios",176346.68705314957,2464,0.038528070344038344
5,"Agricultura, ganadería, silvicultura y pesca",134313.4734540909,1452,0.029344690506330203
5,Alojamiento y servicios de comida,122927.79298431678,1825,0.026857156970063713
5,Minas y canteras,75874.21859046227,902,0.016576933085628173
5,"Electricidad, gas, agua y saneamiento",71598.70141687826,1238,0.015642821823467965
5,Hogares como empleadores,30862.388999925148,391,0.0067427878246208
5,Organizaciones extraterritoriales,7605.346785004882,62,0.0016616095307487126
