quintil_ingreso,oficio_c8_4d,oficio_c8_label,grupo_exposicion_4d,ocupados,observaciones
1,5244,Vendedores a través de medios tecnológicos,Gradient 4,21348.24183764931,257
1,4110,Oficinistas generales,Gradient 4,6018.6358797258645,127
1,4132,Grabadores de datos,Gradient 4,3794.3216904657156,45
1,4311,Auxiliares de contabilidad y cálculo de costos,Gradient 4,3727.4523687278943,54
1,4120,Secretarios generales,Gradient 3,2717.5873522799034,46
1,2411,Contadores,Gradient 3,2590.379530504165,61
1,4414,Escribientes públicos y afines,Gradient 3,2583.466650574186,51
1,4224,Recepcionistas de hoteles,Gradient 3,2525.9882196076605,40
1,2431,Profesionales de la publicidad y la comercialización,Gradient 3,2393.9981025829907,45
1,4222,Empleados de centros de llamadas,Gradient 3,1171.7746548924395,18
1,4323,Empleados de servicios de transporte,Gradient 3,1117.629393253236,14
1,4221,Empleados y consultores de viajes,Gradient 3,914.0607640504159,12
1,4211,Cajeros de bancos y afines,Gradient 3,829.8337696234149,16
1,4226,Recepcionistas generales,Gradient 3,740.473357982849,17
1,2512,Desarrolladores de software,Gradient 3,694.5851796104856,7
1,4227,Entrevistadores de encuestas y de investigaciones de mercados,Gradient 3,644.8530050458827,6
1,3343,Secretarios administrativos y ejecutivos,Gradient 3,584.4239906608319,10
1,2642,Periodistas,Gradient 3,509.2752460515272,10
1,4225,Empleados de ventanillas de información,Gradient 3,496.96433980577086,10
1,4419,Otro personal de apoyo administrativo no clasificados en otros grupos primarios,Gradient 4,320.7849408576823,6
1,2643,"Traductores, intérpretes y otros lingüistas",Gradient 3,295.0729409231289,6
1,2631,Economistas,Gradient 3,276.4997391367433,2
1,2641,Autores y otros escritores,Gradient 3,243.85216660427017,7
1,3311,"Agentes de bolsa, cambio y otros servicios financieros",Gradient 4,243.08307138933282,4
1,3344,Secretarios médicos,Gradient 3,179.0764177591392,3
1,3514,Técnicos de la Web,Gradient 3,102.53114813691037,2
1,2412,Asesores financieros y de inversiones,Gradient 3,85.29858050004131,4
1,3321,Agentes de seguros,Gradient 3,58.083499346214154,5
1,4416,Empleados del servicio de personal,Gradient 4,51.966778276648945,3
1,2513,Desarrolladores web y multimedia,Gradient 4,50.17723908079192,3
1,4223,Telefonistas,Gradient 3,45.088038145602084,4
1,2514,Programadores de aplicaciones,Gradient 3,16.27014443157522,1
1,2521,Diseñadores y administradores de bases de datos,Gradient 3,9.580472252514864,1
1,3312,Analistas de préstamos y créditos,Gradient 4,4.269442449291983,1
2,5244,Vendedores a través de medios tecnológicos,Gradient 4,18207.529986660596,255
2,4110,Oficinistas generales,Gradient 4,13008.727261516273,279
2,4222,Empleados de centros de llamadas,Gradient 3,8784.48883403113,133
2,4120,Secretarios generales,Gradient 3,7880.29167338681,165
2,2411,Contadores,Gradient 3,7297.504048043747,127
2,4311,Auxiliares de contabilidad y cálculo de costos,Gradient 4,6957.014241005697,179
2,2431,Profesionales de la publicidad y la comercialización,Gradient 3,5467.13959470926,94
2,4226,Recepcionistas generales,Gradient 3,4873.53221104551,73
2,4224,Recepcionistas de hoteles,Gradient 3,4254.808297717874,101
2,4414,Escribientes públicos y afines,Gradient 3,3132.9698207898,64
2,4132,Grabadores de datos,Gradient 4,2989.2430849172733,67
2,3343,Secretarios administrativos y ejecutivos,Gradient 3,2604.5357416202614,56
2,4211,Cajeros de bancos y afines,Gradient 3,2105.445624509008,33
2,4323,Empleados de servicios de transporte,Gradient 3,2099.566524395348,27
2,4225,Empleados de ventanillas de información,Gradient 3,1913.5458685489255,46
2,3344,Secretarios médicos,Gradient 3,1616.7243940515589,30
2,4223,Telefonistas,Gradient 3,1433.764906966635,12
2,3321,Agentes de seguros,Gradient 3,1400.664402759704,19
2,2512,Desarrolladores de software,Gradient 3,1294.869699398372,23
2,4227,Entrevistadores de encuestas y de investigaciones de mercados,Gradient 3,1224.6249535856255,9
2,4221,Empleados y consultores de viajes,Gradient 3,1202.083040766061,28
2,2513,Desarrolladores web y multimedia,Gradient 4,1179.711760100684,10
2,3311,"Agentes de bolsa, cambio y otros servicios financieros",Gradient 4,653.67730027477,6
2,3331,Declarantes o gestores de aduana,Gradient 3,626.0086927276722,3
2,4416,Empleados del servicio de personal,Gradient 4,615.9739929508266,9
2,2642,Periodistas,Gradient 3,551.035769536373,10
2,2643,"Traductores, intérpretes y otros lingüistas",Gradient 3,475.4399719860403,9
2,2412,Asesores financieros y de inversiones,Gradient 3,439.89364640784623,17
2,4419,Otro personal de apoyo administrativo no clasificados en otros grupos primarios,Gradient 4,403.82020390108613,8
2,2631,Economistas,Gradient 3,364.04475362427036,4
2,3342,Secretarios jurídicos,Gradient 3,271.5488243424131,7
2,2641,Autores y otros escritores,Gradient 3,242.91585795251606,5
2,3312,Analistas de préstamos y créditos,Gradient 4,174.1343771168951,8
2,2433,Profesionales de ventas técnicas y médicas (excluyendo las TIC),Gradient 3,150.1302026356933,5
2,4312,"Auxiliares de servicios estadísticos, financieros y de seguros",Gradient 4,76.90068447730346,2
2,4131,Operadores de máquinas de procesamiento de texto y mecanógrafos,Gradient 4,75.4487138539156,1
2,4413,"Codificadores de datos, correctores de pruebas de imprenta y afines",Gradient 3,40.319129937725805,2
2,3514,Técnicos de la Web,Gradient 3,31.472382000791004,1
2,2622,"Bibliotecarios, documentalistas y afines",Gradient 3,9.858221533542944,1
3,4110,Oficinistas generales,Gradient 4,92961.85707278659,1650
3,4222,Empleados de centros de llamadas,Gradient 3,81146.32756921442,1242
3,4311,Auxiliares de contabilidad y cálculo de costos,Gradient 4,55700.84038880686,957
3,4120,Secretarios generales,Gradient 3,36137.56092949191,676
3,2411,Contadores,Gradient 3,18829.043908336767,334
3,3343,Secretarios administrativos y ejecutivos,Gradient 3,14686.628694992089,229
3,4226,Recepcionistas generales,Gradient 3,12709.832478546497,249
3,4132,Grabadores de datos,Gradient 4,12335.148807400441,303
3,5244,Vendedores a través de medios tecnológicos,Gradient 4,10828.009554908487,139
3,4224,Recepcionistas de hoteles,Gradient 3,9578.6876381863,236
3,3344,Secretarios médicos,Gradient 3,9318.906028519015,179
3,4323,Empleados de servicios de transporte,Gradient 3,8849.216441821849,116
3,4225,Empleados de ventanillas de información,Gradient 3,6587.142896319303,119
3,2412,Asesores financieros y de inversiones,Gradient 3,6480.320359506469,87
3,4211,Cajeros de bancos y afines,Gradient 3,5473.147606736973,94
3,3312,Analistas de préstamos y créditos,Gradient 4,5228.736303230043,73
3,2431,Profesionales de la publicidad y la comercialización,Gradient 3,4841.033347943778,97
3,3321,Agentes de seguros,Gradient 3,4309.589093778043,66
3,4416,Empleados del servicio de personal,Gradient 4,4269.950787380682,62
3,4221,Empleados y consultores de viajes,Gradient 3,4266.34027473086,78
3,2512,Desarrolladores de software,Gradient 3,3563.4681125349925,61
3,4414,Escribientes públicos y afines,Gradient 3,1880.7965411698872,38
3,3342,Secretarios jurídicos,Gradient 3,1553.1284088755456,26
3,2642,Periodistas,Gradient 3,1467.126537188648,21
3,4223,Telefonistas,Gradient 3,1278.1244365049247,25
3,2643,"Traductores, intérpretes y otros lingüistas",Gradient 3,1231.958145842097,6
3,4227,Entrevistadores de encuestas y de investigaciones de mercados,Gradient 3,1227.627978244913,23
3,4419,Otro personal de apoyo administrativo no clasificados en otros grupos primarios,Gradient 4,822.227502039373,9
3,3514,Técnicos de la Web,Gradient 3,813.107221410666,6
3,4313,Auxiliares encargados de las nóminas,Gradient 4,739.0886223772274,8
3,2433,Profesionales de ventas técnicas y médicas (excluyendo las TIC),Gradient 3,691.9769028715751,18
3,3331,Declarantes o gestores de aduana,Gradient 3,561.9650505068252,10
3,2631,Economistas,Gradient 3,475.8061565375365,5
3,4312,"Auxiliares de servicios estadísticos, financieros y de seguros",Gradient 4,325.5514208926795,6
3,2513,Desarrolladores web y multimedia,Gradient 4,224.59764802981317,10
3,2434,Profesionales de ventas de tecnología de la información y las comunicaciones,Gradient 3,211.24227497941828,4
3,2521,Diseñadores y administradores de bases de datos,Gradient 3,207.36343088476633,4
3,2413,Analistas financieros,Gradient 4,172.0095715583996,4
3,2641,Autores y otros escritores,Gradient 3,145.10836175584052,2
3,2522,Administradores de sistemas,Gradient 3,117.56305762815536,1
3,2622,"Bibliotecarios, documentalistas y afines",Gradient 3,116.69461219223541,5
3,3311,"Agentes de bolsa, cambio y otros servicios financieros",Gradient 4,94.54400497808048,6
3,4413,"Codificadores de datos, correctores de pruebas de imprenta y afines",Gradient 3,54.44591173501164,1
3,3314,"Técnicos y profesionales del nivel medio de servicios estadísticos, matemáticos y afines",Gradient 3,48.76969007548972,2
3,2519,Desarrolladores y analistas de software y multimedia no clasificados en otros grupos primarios,Gradient 3,32.79783855685515,1
3,4131,Operadores de máquinas de procesamiento de texto y mecanógrafos,Gradient 4,29.475301711841674,2
3,2120,"Matemáticos, actuarios y estadísticos",Gradient 3,6.57661155241135,1
4,4110,Oficinistas generales,Gradient 4,107627.5453710477,1882
4,4311,Auxiliares de contabilidad y cálculo de costos,Gradient 4,63214.01990585852,930
4,4222,Empleados de centros de llamadas,Gradient 3,59844.81474474054,607
4,2411,Contadores,Gradient 3,42391.29815288887,729
4,4120,Secretarios generales,Gradient 3,32057.388375727955,558
4,3343,Secretarios administrativos y ejecutivos,Gradient 3,21423.769195743796,333
4,5244,Vendedores a través de medios tecnológicos,Gradient 4,12567.924423225479,140
4,4132,Grabadores de datos,Gradient 4,12055.539747509496,242
4,4226,Recepcionistas generales,Gradient 3,11196.453791808475,169
4,2431,Profesionales de la publicidad y la comercialización,Gradient 3,10594.932720943092,154
4,2412,Asesores financieros y de inversiones,Gradient 3,10073.74166358523,144
4,3344,Secretarios médicos,Gradient 3,10009.333127623198,139
4,2512,Desarrolladores de software,Gradient 3,8119.629634629003,117
4,3312,Analistas de préstamos y créditos,Gradient 4,7933.926565938285,115
4,4211,Cajeros de bancos y afines,Gradient 3,7074.043116433208,107
4,3321,Agentes de seguros,Gradient 3,6670.620745255125,95
4,4225,Empleados de ventanillas de información,Gradient 3,6602.639420052858,103
4,4323,Empleados de servicios de transporte,Gradient 3,6335.216185304267,92
4,4224,Recepcionistas de hoteles,Gradient 3,6250.22872383057,157
4,4416,Empleados del servicio de personal,Gradient 4,5762.721584737961,62
4,4414,Escribientes públicos y afines,Gradient 3,5120.832330533514,40
4,4221,Empleados y consultores de viajes,Gradient 3,4683.601851176738,83
4,4227,Entrevistadores de encuestas y de investigaciones de mercados,Gradient 3,4048.7013766572204,84
4,3342,Secretarios jurídicos,Gradient 3,3182.8336501716453,42
4,2513,Desarrolladores web y multimedia,Gradient 4,2901.032910584035,21
4,2521,Diseñadores y administradores de bases de datos,Gradient 3,2636.850920761037,20
4,3331,Declarantes o gestores de aduana,Gradient 3,1589.297726669574,23
4,2631,Economistas,Gradient 3,1555.1882994436105,20
4,2642,Periodistas,Gradient 3,1501.423034626969,51
4,2413,Analistas financieros,Gradient 4,1394.7646221244377,18
4,2433,Profesionales de ventas técnicas y médicas (excluyendo las TIC),Gradient 3,1332.3553506442743,24
4,3514,Técnicos de la Web,Gradient 3,895.6520213840361,4
4,4223,Telefonistas,Gradient 3,838.0906760912476,13
4,2622,"Bibliotecarios, documentalistas y afines",Gradient 3,806.4970421439514,13
4,2643,"Traductores, intérpretes y otros lingüistas",Gradient 3,801.952134589738,18
4,2523,Profesionales en redes de computadores,Gradient 3,504.52602335984534,5
4,2120,"Matemáticos, actuarios y estadísticos",Gradient 3,423.77558623572963,3
4,4312,"Auxiliares de servicios estadísticos, financieros y de seguros",Gradient 4,340.7619661109202,10
4,4313,Auxiliares encargados de las nóminas,Gradient 4,195.8486724373115,6
4,3311,"Agentes de bolsa, cambio y otros servicios financieros",Gradient 4,188.01532933415706,5
4,4419,Otro personal de apoyo administrativo no clasificados en otros grupos primarios,Gradient 4,184.15860159228072,6
4,3252,Técnicos en documentación sanitaria,Gradient 3,126.79956015452996,5
4,2434,Profesionales de ventas de tecnología de la información y las comunicaciones,Gradient 3,36.3572796150563,2
4,2641,Autores y otros escritores,Gradient 3,23.47395813371027,1
4,4413,"Codificadores de datos, correctores de pruebas de imprenta y afines",Gradient 3,20.245685943978597,1
4,2514,Programadores de aplicaciones,Gradient 3,16.717690354446205,1
4,4131,Operadores de máquinas de procesamiento de texto y mecanógrafos,Gradient 4,13.24171884470458,1
4,2519,Desarrolladores y analistas de software y multimedia no clasificados en otros grupos primarios,Gradient 3,12.841202139020723,1
5,2411,Contadores,Gradient 3,181429.5155329569,2549
5,4110,Oficinistas generales,Gradient 4,89966.63336327407,1906
5,2512,Desarrolladores de software,Gradient 3,74831.63291833548,766
5,2412,Asesores financieros y de inversiones,Gradient 3,55033.31270370424,544
5,2431,Profesionales de la publicidad y la comercialización,Gradient 3,48189.95170512216,411
5,4222,Empleados de centros de llamadas,Gradient 3,40628.0392225138,301
5,4311,Auxiliares de contabilidad y cálculo de costos,Gradient 4,31471.432847123273,484
5,3343,Secretarios administrativos y ejecutivos,Gradient 3,29701.808562044913,481
5,4120,Secretarios generales,Gradient 3,27805.405447777277,484
5,3312,Analistas de préstamos y créditos,Gradient 4,19619.52583463248,218
5,2642,Periodistas,Gradient 3,17291.709510151963,189
5,5244,Vendedores a través de medios tecnológicos,Gradient 4,13175.559950659734,144
5,3321,Agentes de seguros,Gradient 3,12698.197924545233,154
5,4132,Grabadores de datos,Gradient 4,10185.188619087317,275
5,2433,Profesionales de ventas técnicas y médicas (excluyendo las TIC),Gradient 3,9806.843375683913,98
5,2513,Desarrolladores web y multimedia,Gradient 4,8820.631634402172,97
5,2413,Analistas financieros,Gradient 4,8391.0310421539,80
5,2521,Diseñadores y administradores de bases de datos,Gradient 3,7882.600331309558,84
5,4211,Cajeros de bancos y afines,Gradient 3,6585.294213096178,109
5,2631,Economistas,Gradient 3,6476.352398439459,85
5,4323,Empleados de servicios de transporte,Gradient 3,5571.5344126776945,86
5,4225,Empleados de ventanillas de información,Gradient 3,5485.907344240901,85
5,4221,Empleados y consultores de viajes,Gradient 3,5174.127276371635,64
5,3342,Secretarios jurídicos,Gradient 3,4997.583634946988,118
5,4226,Recepcionistas generales,Gradient 3,4651.684464845938,86
5,4414,Escribientes públicos y afines,Gradient 3,4543.137402271231,76
5,4416,Empleados del servicio de personal,Gradient 4,3872.910500630426,52
5,2120,"Matemáticos, actuarios y estadísticos",Gradient 3,3773.184641524536,23
5,3331,Declarantes o gestores de aduana,Gradient 3,3586.593730320001,37
5,3344,Secretarios médicos,Gradient 3,3233.3529789698173,48
5,3311,"Agentes de bolsa, cambio y otros servicios financieros",Gradient 4,3025.117709942756,35
5,2514,Programadores de aplicaciones,Gradient 3,2467.8755378150736,19
5,2622,"Bibliotecarios, documentalistas y afines",Gradient 3,2119.9180007998784,30
5,2643,"Traductores, intérpretes y otros lingüistas",Gradient 3,2059.368329887144,41
5,4227,Entrevistadores de encuestas y de investigaciones de mercados,Gradient 3,1976.9216156385353,70
5,2641,Autores y otros escritores,Gradient 3,1827.5076665649553,21
5,2519,Desarrolladores y analistas de software y multimedia no clasificados en otros grupos primarios,Gradient 3,1789.9879918066335,10
5,2522,Administradores de sistemas,Gradient 3,1590.1977404291015,7
5,4224,Recepcionistas de hoteles,Gradient 3,1523.5966358445653,28
5,3514,Técnicos de la Web,Gradient 3,1351.708169579791,9
5,4313,Auxiliares encargados de las nóminas,Gradient 4,1215.071646166563,18
5,4312,"Auxiliares de servicios estadísticos, financieros y de seguros",Gradient 4,1097.2432012383695,13
5,2434,Profesionales de ventas de tecnología de la información y las comunicaciones,Gradient 3,597.5481970036046,7
5,4413,"Codificadores de datos, correctores de pruebas de imprenta y afines",Gradient 3,424.8242695491375,5
5,4223,Telefonistas,Gradient 3,303.8662802167726,5
5,4419,Otro personal de apoyo administrativo no clasificados en otros grupos primarios,Gradient 4,278.6333555108052,7
5,2112,Meteorólogos,Gradient 3,249.70242761306298,2
5,2523,Profesionales en redes de computadores,Gradient 3,191.11550559447764,5
5,3252,Técnicos en documentación sanitaria,Gradient 3,82.32618691473881,7
