sector,ocupados,ocupados_con_ambos_indices,observaciones_con_ambos_indices,participacion_ambos_alta,participacion_ambos_baja,participacion_incertidumbre,participacion_solo_aioe_alta,participacion_solo_oit_alta,participacion_coincide
Actividades financieras y de seguros,426553.97783145675,424640.65195451025,5487,0.48349209899136864,0.044734815915381754,0.47177308509324956,0.47177308509324956,0.0,0.5282269149067504
Información y comunicaciones,398052.6886598733,393751.1112294891,4768,0.3541506664724508,0.09616680027294276,0.5496825332546065,0.5496825332546065,0.0,0.4503174667453936
"Inmobiliarias, profesionales y administrativas",2081979.3797183204,2040810.4088090858,30417,0.23298334893447942,0.34475446154223555,0.4222621895232849,0.4222621895232849,0.0,0.577737810476715
Administración pública y defensa,812268.4920920301,786275.212851748,15429,0.21621479339706495,0.20672282089273475,0.5770623857102002,0.5770623857102002,0.0,0.4229376142897997
Organizaciones extraterritoriales,9390.453984267377,8968.000786039616,76,0.16046209842379702,0.043140238961401574,0.7963976626148015,0.7963976626148015,0.0,0.2036023373851986
Salud y asistencia social,1013370.5095546737,1001757.0910092678,18297,0.14314999448873084,0.30205397316030264,0.5547960323509663,0.5547960323509663,0.0,0.44520396764903347
Educación,1007559.2241345608,1005915.7467360236,18077,0.0777736846328839,0.10257956382184338,0.8196467515452728,0.8196467515452728,0.0,0.18035324845472728
"Electricidad, gas, agua y saneamiento",304637.1218098133,293842.3843882024,4949,0.07029278762518323,0.6581214987934264,0.2715857135813903,0.2715857135813903,0.0,0.7284142864186096
Transporte y almacenamiento,1792508.037738123,1378593.487941892,22966,0.06276840243370556,0.5981163011816145,0.33911529638467997,0.33911529638467997,0.0,0.66088470361532
Comercio y reparación,3902758.903545778,3869902.7095692484,65079,0.061380851099483325,0.2312715522562061,0.7073475966443105,0.7073475966443105,0.0,0.2926524033556894
Industrias manufactureras,2513307.38999058,2298015.5887885434,29364,0.05226359002151152,0.5934455251575839,0.3542908848209046,0.3542908848209046,0.0,0.6457091151790953
"Artes, recreación y otros servicios",1235100.1965294841,1209438.6130250702,20838,0.047758592557818516,0.23774865751187868,0.7144927499303029,0.7144927499303029,0.0,0.2855072500696972
Alojamiento y servicios de comida,1733839.7050460202,1732552.124122052,30169,0.02437732470808069,0.6779831662130864,0.297639509078833,0.297639509078833,0.0,0.7023604909211671
Construcción,1580385.0690432242,1576312.3162494048,24887,0.02357624799878633,0.7268678990094635,0.24955585299175018,0.24955585299175018,0.0,0.7504441470082498
Minas y canteras,299823.920173771,298182.47329010046,2942,0.022028969296217064,0.810991382945307,0.16697964775847593,0.16697964775847593,0.0,0.8330203522415242
"Agricultura, ganadería, silvicultura y pesca",3127958.1670110268,3123687.8831001907,29145,0.0055383344350436675,0.9364711089887204,0.05799055657623584,0.05799055657623584,0.0,0.9420094434237641
Hogares como empleadores,715904.3419566724,706790.8270852165,11938,0.0,0.8441795459205204,0.15582045407947967,0.15582045407947967,0.0,0.8441795459205204
