departamento,ocupados,ocupados_con_ambos_indices,observaciones_con_ambos_indices,participacion_ambos_alta,participacion_ambos_baja,participacion_incertidumbre,participacion_solo_aioe_alta,participacion_solo_oit_alta,participacion_coincide
Bogotá D.C.,4160820.0668823733,4005358.3756034095,12861,0.14664521051712426,0.3262898090061901,0.5270649804766856,0.5270649804766856,0.0,0.47293501952331435
Antioquia,3311770.076703403,3189598.561807418,22166,0.09816389368598372,0.4865937492473776,0.41524235706663887,0.41524235706663887,0.0,0.5847576429333613
Caldas,466839.7189306313,453173.25818963314,17026,0.09349790948987713,0.5197475890281696,0.3867545014819533,0.3867545014819533,0.0,0.6132454985180468
Valle del Cauca,2011697.4232403869,1948911.4911024177,17598,0.09042947583610088,0.47585397455584294,0.4337165496080561,0.4337165496080561,0.0,0.5662834503919438
Risaralda,449847.63761151687,434801.49406622257,16083,0.09040423737060826,0.487914090555513,0.42168167207387874,0.42168167207387874,0.0,0.5783183279261213
Cundinamarca,1706608.0129832893,1662668.9029602131,7504,0.0851608904668942,0.49765222843577916,0.41718688109732655,0.41718688109732655,0.0,0.5828131189026734
Quindío,256407.09811340953,248611.7239828859,13370,0.08320788910036908,0.49155738206569527,0.4252347288339357,0.4252347288339357,0.0,0.5747652711660644
Atlántico,1256860.111565948,1211744.8746593543,15175,0.07674797225514345,0.47248671300925943,0.4507653147355971,0.4507653147355971,0.0,0.5492346852644029
Santander,1045570.2664773326,1016190.890090911,16634,0.07580363735306123,0.48127043754885274,0.4429259250980861,0.4429259250980861,0.0,0.557074074901914
Norte de Santander,673286.7145479275,653095.6671196637,12124,0.06627634761876831,0.5352783706880829,0.3984452816931489,0.3984452816931489,0.0,0.6015547183068513
Meta,524442.8747610815,508762.88438680256,13943,0.06234324576224474,0.5196310317464368,0.4180257224913187,0.4180257224913187,0.0,0.5819742775086815
Caquetá,153617.57973122044,149748.7337219994,10172,0.0502411056172957,0.49600210499765396,0.4537567893850506,0.4537567893850506,0.0,0.5462432106149496
Boyacá,522604.1778084042,508968.83299639064,11272,0.04920550683942084,0.5858504211128199,0.3649440720477591,0.3649440720477591,0.0,0.6350559279522408
Tolima,580409.6244525462,562260.5422829199,10447,0.047541638777911906,0.5501839661082033,0.40227439511388474,0.40227439511388474,0.0,0.5977256048861153
Bolívar,885761.33413306,860461.5850546282,13966,0.043837520335290106,0.5822183393769131,0.37394414028779677,0.37394414028779677,0.0,0.6260558597122032
Huila,467605.97177084093,457847.9447818167,11710,0.040292007577535045,0.6799729770808061,0.2797350153416589,0.2797350153416589,0.0,0.7202649846583411
Magdalena,594008.2057770758,580632.201563749,13547,0.03768509521775763,0.5715456929195192,0.3907692118627232,0.3907692118627232,0.0,0.6092307881372768
Cesar,515871.1554272498,499536.76076119975,10586,0.03707225678529915,0.5482882706026848,0.414639472612016,0.414639472612016,0.0,0.5853605273879839
Sucre,403195.9914862028,391553.6578814847,12756,0.03512735490429951,0.5997398715684154,0.36513277352728507,0.36513277352728507,0.0,0.6348672264727149
Cauca,627653.8564868355,614294.6612906482,11525,0.03428754039837845,0.6778767640499896,0.2878356955516318,0.2878356955516318,0.0,0.7121643044483681
Córdoba,791370.3113817273,754401.3662885965,10666,0.033775922714582775,0.5988437949811473,0.36738028230426983,0.36738028230426983,0.0,0.63261971769573
Nariño,849082.5809281863,815927.8888652707,17131,0.031202865321330493,0.6885706067215377,0.2802265279571316,0.2802265279571316,0.0,0.7197734720428682
La Guajira,348363.92584389634,278684.4368496747,9216,0.0308108632287723,0.6346028104612026,0.3345863263100253,0.3345863263100253,0.0,0.665413673689975
Chocó,137366.38913717508,135166.46868010884,8306,0.023253106790483057,0.6532405560259134,0.3235063371836034,0.3235063371836034,0.0,0.6764936628163964
