oficio_c8_4d,oficio_c8_label,ocupados,ocupados_ambos_alta,ocupados_ambos_baja,ocupados_incertidumbre,participacion_empleo_ambos_alta,participacion_empleo_ambos_baja,participacion_empleo_incertidumbre
5223,"Vendedores y auxiliares de venta en tiendas, almacenes y afines",1337628.6058828542,0.0,0.0,1337628.6058828542,0.0,0.0,0.05827076622349804
9211,Obreros y peones de explotaciones agrícolas,1243208.4426374848,0.0,1243208.4426374848,0.0,0.0,0.054157565268421214,0.0
9111,Personal doméstico,963168.2294587679,0.0,963168.2294587679,0.0,0.0,0.041958246471298644,0.0
9313,Obreros y peones de la construcción de edificios,664834.2040526395,0.0,664834.2040526395,0.0,0.0,0.028961999101512585,0.0
8321,Conductores de motocicletas,509597.8902230916,0.0,509597.8902230916,0.0,0.0,0.022199480033980496,0.0
5414,Guardias de seguridad,500724.6291555789,0.0,500724.6291555789,0.0,0.0,0.021812936475453775,0.0
9112,"Aseadores de oficinas, hoteles y otros establecimientos",461881.8881880537,0.0,461881.8881880537,0.0,0.0,0.020120840277417788,0.0
1420,Gerentes de comercios al por mayor y al por menor,387612.88577017863,387612.88577017863,0.0,0.0,0.016885479087838523,0.0,0.0
5120,Cocineros,370623.87365607324,0.0,370623.87365607324,0.0,0.0,0.01614539118233517,0.0
6111,Agricultores y trabajadores calificados de cultivos extensivos,340084.3626555051,0.0,340084.3626555051,0.0,0.0,0.014815006426605817,0.0
5131,Meseros,338997.57488866476,0.0,0.0,338997.57488866476,0.0,0.0,0.014767662974456548
5221,Comerciantes de tiendas,327845.2648112468,327845.2648112468,0.0,0.0,0.014281837798084611,0.0,0.0
3322,Representantes comerciales,311582.12095335196,311582.12095335196,0.0,0.0,0.013573370702184675,0.0,0.0
4110,Oficinistas generales,309583.3989483505,309583.3989483505,0.0,0.0,0.013486300896569737,0.0,0.0
7231,Mecánicos y reparadores de vehículos de motor,283604.30363847676,0.0,283604.30363847676,0.0,0.0,0.01235458034062328,0.0
8332,Conductores de camiones y vehículos pesados,283524.85932246316,0.0,283524.85932246316,0.0,0.0,0.01235111952859679,0.0
4321,Empleados de control de abastecimientos e inventario,270306.39435427194,0.0,0.0,270306.39435427194,0.0,0.0,0.01177528698538754
6112,Agricultores y trabajadores calificados de plantaciones de árboles y arbustos,265577.07268912403,0.0,265577.07268912403,0.0,0.0,0.011569264778675184,0.0
2411,Contadores,252537.74117273046,252537.74117273046,0.0,0.0,0.01100123577932452,0.0,0.0
9333,Obreros y peones de carga,251208.71409297868,0.0,251208.71409297868,0.0,0.0,0.010943339719141357,0.0
5212,Vendedores ambulantes de alimentos preparados para consumo inmediato,237436.93990301964,0.0,0.0,237436.93990301964,0.0,0.0,0.01034340351055807
9212,Obreros y peones de explotaciones ganaderas,230169.54382020514,0.0,230169.54382020514,0.0,0.0,0.010026815829692986,0.0
5142,Especialistas en tratamientos de belleza y afines,220474.90109607822,0.0,220474.90109607822,0.0,0.0,0.009604490636202462,0.0
2611,Abogados,215338.6418961086,215338.6418961086,0.0,0.0,0.009380741115753785,0.0,0.0
8153,Operadores de máquinas de coser,214392.33136070284,0.0,214392.33136070284,0.0,0.0,0.00933951723661353,0.0
2330,Profesores de educación secundaria,211449.26757511165,211449.26757511165,0.0,0.0,0.009211309316211112,0.0,0.0
5141,Peluqueros,208233.76320235245,0.0,208233.76320235245,0.0,0.0,0.009071233137538168,0.0
3341,Supervisores de oficina,205849.43980431044,205849.43980431044,0.0,0.0,0.008967365478968753,0.0,0.0
9520,Vendedores ambulantes (excluyendo comidas de preparación inmediata),200865.82103122727,0.0,0.0,200865.82103122727,0.0,0.0,0.008750265393641482
9621,"Mensajeros, mandaderos, maleteros y repartidores",199969.75364638737,0.0,0.0,199969.75364638737,0.0,0.0,0.008711230243770383
7112,Albañiles,196790.14179076074,0.0,196790.14179076074,0.0,0.0,0.008572717641463709,0.0
5230,"Cajeros de comercio, taquilleros y expendedores de boletas",191916.86119117524,0.0,0.0,191916.86119117524,0.0,0.0,0.008360424189222136
4222,Empleados de centros de llamadas,191575.44502539234,191575.44502539234,0.0,0.0,0.008345551165803107,0.0,0.0
5321,Trabajadores de los cuidados personales en instituciones,189195.8062055087,0.0,189195.8062055087,0.0,0.0,0.008241887580290683,0.0
9412,Ayudantes de cocina,188925.73783723993,0.0,188925.73783723993,0.0,0.0,0.008230122662373603,0.0
6121,Criadores de ganado y trabajadores de la cría de animales domésticos (excepto aves de corral),182608.59825950343,0.0,182608.59825950343,0.0,0.0,0.007954930757896847,0.0
9411,Cocineros de comidas rápidas,177209.6994080159,0.0,177209.6994080159,0.0,0.0,0.0077197399347821586,0.0
2341,Profesores de educación primaria,169832.4843223709,0.0,0.0,169832.4843223709,0.0,0.0,0.007398368237327798
4311,Auxiliares de contabilidad y cálculo de costos,161070.75975152222,161070.75975152222,0.0,0.0,0.007016683514126449,0.0,0.0
5311,Cuidadores de niños,153735.6833911109,0.0,0.0,153735.6833911109,0.0,0.0,0.006697147494973413
3123,Supervisores de la construcción,148770.8241336337,0.0,0.0,148770.8241336337,0.0,0.0,0.006480864625533671
7531,"Sastres, modistos, peleteros y sombrereros",135465.38614452176,0.0,135465.38614452176,0.0,0.0,0.00590124329928888,0.0
6113,"Agricultores y trabajadores calificados de huertas, invernaderos, viveros y jardines",133090.6691759687,0.0,133090.6691759687,0.0,0.0,0.0057977941231027895,0.0
7512,"Panaderos, pasteleros y confiteros",131486.40266696326,0.0,131486.40266696326,0.0,0.0,0.005727907879421013,0.0
1311,Directores de producción agropecuaria y silvicultura,123804.13035509756,0.0,0.0,123804.13035509756,0.0,0.0,0.005393247053552594
1412,Gerentes de restaurantes,123641.14556066669,0.0,0.0,123641.14556066669,0.0,0.0,0.005386146989444741
7411,Electricistas de obras y afines,119593.79710925609,0.0,119593.79710925609,0.0,0.0,0.005209833404044462,0.0
9214,Obreros y peones de jardinería y horticultura,117497.67484810308,0.0,117497.67484810308,0.0,0.0,0.005118520576464117,0.0
7212,Soldadores y oxicortadores,113726.70472092723,0.0,113726.70472092723,0.0,0.0,0.004954246787947589,0.0
9321,Empacadores manuales,113232.17997072084,0.0,113232.17997072084,0.0,0.0,0.004932703935182422,0.0
5211,Vendedores en quioscos y puestos de mercado,112504.59116974869,112504.59116974869,0.0,0.0,0.0049010081739361226,0.0,0.0
8331,"Conductores de buses, microbuses y tranvías",111363.17534933025,0.0,111363.17534933025,0.0,0.0,0.004851284974130967,0.0
1212,Directores de recursos humanos,110659.13302275495,110659.13302275495,0.0,0.0,0.00482061496180999,0.0,0.0
4120,Secretarios generales,106598.23377866385,106598.23377866385,0.0,0.0,0.004643711066761012,0.0,0.0
2511,Analistas de sistemas,104167.50326940892,104167.50326940892,0.0,0.0,0.0045378217873046755,0.0,0.0
1120,Directores y gerentes generales,103455.63864397127,103455.63864397127,0.0,0.0,0.004506811014217719,0.0,0.0
9311,Obreros y peones de minas y canteras,94385.97195299833,0.0,94385.97195299833,0.0,0.0,0.004111711488721316,0.0
8111,Mineros y operadores de instalaciones mineras,92903.3104468306,0.0,92903.3104468306,0.0,0.0,0.004047122692074389,0.0
5412,Policías,91631.78745406694,0.0,91631.78745406694,0.0,0.0,0.003991731667440738,0.0
7544,Fumigadores y otros controladores de plagas y malas hierbas,89768.72746404549,0.0,89768.72746404549,0.0,0.0,0.003910571670815786,0.0
2512,Desarrolladores de software,88504.18554450833,88504.18554450833,0.0,0.0,0.0038554847608550575,0.0,0.0
9213,Obreros y peones de explotaciones agropecuarias,87809.66312187935,0.0,87809.66312187935,0.0,0.0,0.0038252294616277507,0.0
7412,Ajustadores electricistas,87022.670197954,0.0,87022.670197954,0.0,0.0,0.0037909458940605526,0.0
5243,Vendedores puerta a puerta,85843.3229933959,85843.3229933959,0.0,0.0,0.0037395702992572524,0.0,0.0
7522,Ebanistas y carpinteros (excluye carpinteros de armar y de obra blanca),84924.53690378589,0.0,84924.53690378589,0.0,0.0,0.0036995454603732706,0.0
2142,Ingenieros civiles,83393.04455075014,83393.04455075014,0.0,0.0,0.003632829458274975,0.0,0.0
6222,Pescadores de agua dulce y en aguas costeras,83330.29827791275,0.0,83330.29827791275,0.0,0.0,0.003630096058750007,0.0
2310,Profesores de instituciones de educación superior,83108.01659998075,83108.01659998075,0.0,0.0,0.003620412859965548,0.0,0.0
9611,Recolectores de basura y material reciclable,81246.14689214368,0.0,81246.14689214368,0.0,0.0,0.0035393047152930735,0.0
1221,Directores de ventas y comercialización,79103.87176651857,79103.87176651857,0.0,0.0,0.003445981342510294,0.0,0.0
5322,Trabajadores de los cuidados personales a domicilio,77883.25575817717,0.0,77883.25575817717,0.0,0.0,0.0033928079655670155,0.0
5244,Vendedores a través de medios tecnológicos,76827.25460029914,76827.25460029914,0.0,0.0,0.00334680566243756,0.0,0.0
2166,Diseñadores gráficos y multimedia,76570.17187238442,76570.17187238442,0.0,0.0,0.003335606434585723,0.0,0.0
2634,Psicólogos,74945.08447841917,74945.08447841917,0.0,0.0,0.0032648131761206776,0.0,0.0
8160,Operadores de máquinas para elaborar alimentos y productos afines,72158.51773340223,0.0,72158.51773340223,0.0,0.0,0.003143422695496285,0.0
2412,Asesores financieros y de inversiones,72112.56695370383,72112.56695370383,0.0,0.0,0.00314142095366016,0.0,0.0
2431,Profesionales de la publicidad y la comercialización,71487.05547130128,71487.05547130128,0.0,0.0,0.003114171960030022,0.0,0.0
7111,Constructores de casas,70996.87932235905,0.0,0.0,70996.87932235905,0.0,0.0,0.0030928185442479967
3343,Secretarios administrativos y ejecutivos,69084.86416068696,69084.86416068696,0.0,0.0,0.003009525926243582,0.0,0.0
7131,Pintores y empapeladores,68718.39360608242,0.0,68718.39360608242,0.0,0.0,0.0029935614650162725,0.0
5246,Vendedores de comidas en mostrador,68352.96112412546,0.0,68352.96112412546,0.0,0.0,0.002977642225077073,0.0
7233,Mecánicos y reparadores de máquinas agrícolas e industriales,66268.01535432067,0.0,66268.01535432067,0.0,0.0,0.002886816276075496,0.0
3422,"Entrenadores, instructores y árbitros de actividades deportivas",64328.352348973895,64328.352348973895,0.0,0.0,0.00280231924226518,0.0,0.0
2211,Médicos generales,62878.4366205251,62878.4366205251,0.0,0.0,0.002739156941395837,0.0,0.0
2342,Profesores de primera infancia,62386.81669425414,0.0,0.0,62386.81669425414,0.0,0.0,0.0027177406307184494
7511,"Carniceros, pescaderos y afines",61651.16018870384,0.0,61651.16018870384,0.0,0.0,0.0026856934181609515,0.0
9329,Obreros y peones de la industria manufacturera no clasificados en otros grupos primarios,60527.85098076325,0.0,60527.85098076325,0.0,0.0,0.002636758991994574,0.0
6122,Avicultores y trabajadores calificados de la avicultura,60108.20334045595,0.0,60108.20334045595,0.0,0.0,0.00261847799124665,0.0
7422,Instaladores y reparadores en tecnología de la información y las comunicaciones,58929.00114665802,0.0,58929.00114665802,0.0,0.0,0.0025671087135092888,0.0
7536,Zapateros y afines,58808.32219719127,0.0,58808.32219719127,0.0,0.0,0.0025618516078960065,0.0
9122,Lavadores de vehículos,57936.47401682758,0.0,57936.47401682758,0.0,0.0,0.0025238715129152892,0.0
7115,Carpinteros de armar y de obra blanca,57532.63112356228,0.0,57532.63112356228,0.0,0.0,0.0025062790102422833,0.0
7126,Fontaneros e instaladores de tuberías,57179.69907475995,0.0,57179.69907475995,0.0,0.0,0.0024909043234135975,0.0
5329,Trabajadores de los cuidados personales en servicios de salud no clasificados en otros grupos primarios,54468.51496146848,0.0,54468.51496146848,0.0,0.0,0.002372797716721975,0.0
2263,Profesionales de la salud y la higiene laboral y ambiental,49618.23686869478,49618.23686869478,0.0,0.0,0.0021615063166876354,0.0,0.0
2359,Otros profesionales de la educación no clasificados en otros grupos primarios,49377.06630204282,49377.06630204282,0.0,0.0,0.0021510002661684112,0.0,0.0
3122,Supervisores de industrias manufactureras,48449.7048595884,0.0,0.0,48449.7048595884,0.0,0.0,0.0021106018614241574
8142,Operadores de máquinas para fabricar productos de material plástico,47865.35917489113,0.0,47865.35917489113,0.0,0.0,0.002085146162707075,0.0
7514,"Operarios de la conservación de frutas, legumbres, verduras y afines",47320.68648631297,0.0,47320.68648631297,0.0,0.0,0.0020614187283767406,0.0
7221,Herreros y forjadores,46959.53849952828,0.0,46959.53849952828,0.0,0.0,0.002045686132783715,0.0
2212,Médicos especialistas,46770.78895293054,46770.78895293054,0.0,0.0,0.002037463685494373,0.0,0.0
3334,Agentes inmobiliarios,44565.74608181104,44565.74608181104,0.0,0.0,0.0019414059777788668,0.0,0.0
1321,Directores de industrias manufactureras,43720.11379646565,43720.11379646565,0.0,0.0,0.0019045679189980582,0.0,0.0
9612,Clasificadores de desechos,43429.2565326505,0.0,43429.2565326505,0.0,0.0,0.0018918973798441854,0.0
1324,"Directores de empresas de abastecimiento, distribución y afines",42685.207950341995,42685.207950341995,0.0,0.0,0.0018594845854347775,0.0,0.0
4415,Empleados de archivos,42127.903074577924,0.0,0.0,42127.903074577924,0.0,0.0,0.0018352068584274143
7132,Barnizadores y afines,41699.86859156142,0.0,41699.86859156142,0.0,0.0,0.0018165605038370917,0.0
4132,Grabadores de datos,41359.44194938024,41359.44194938024,0.0,0.0,0.001801730586776745,0.0,0.0
5164,Cuidadores de animales,40808.14401607575,0.0,40808.14401607575,0.0,0.0,0.001777714538637672,0.0
3113,Electrotécnicos,40711.37922674709,40711.37922674709,0.0,0.0,0.001773499199347799,0.0,0.0
1345,Directores de servicios de educación,39559.03041254004,39559.03041254004,0.0,0.0,0.0017232997283845824,0.0,0.0
5245,Expendedores de combustibles para vehículos,39484.395985208925,0.0,39484.395985208925,0.0,0.0,0.0017200484482847779,0.0
1342,Directores de servicios de salud,38911.503786813395,38911.503786813395,0.0,0.0,0.0016950916948054078,0.0,0.0
9121,Lavanderos y planchadores manuales,38776.00778300932,0.0,38776.00778300932,0.0,0.0,0.0016891891177169983,0.0
2141,Ingenieros industriales y de producción,38704.213265776205,38704.213265776205,0.0,0.0,0.0016860615518803968,0.0,0.0
9334,Surtidores de estanterías,37300.872701968576,0.0,37300.872701968576,0.0,0.0,0.0016249281927656564,0.0
2161,Arquitectos constructores,36966.95141645995,36966.95141645995,0.0,0.0,0.0016103816668620178,0.0,0.0
3257,"Inspectores de seguridad, salud ocupacional, medioambiental y afines",36636.0134805404,0.0,0.0,36636.0134805404,0.0,0.0,0.0015959651038387358
4226,Recepcionistas generales,34171.97630422927,34171.97630422927,0.0,0.0,0.0014886248947288472,0.0,0.0
6210,Trabajadores forestales calificados y afines,33124.820038674516,0.0,33124.820038674516,0.0,0.0,0.0014430078993377094,0.0
3312,Analistas de préstamos y créditos,32960.592523367,32960.592523367,0.0,0.0,0.001435853698904298,0.0,0.0
8342,"Operadores de máquinas de movimiento de tierras, construcción de vías y afines",32805.41014291777,0.0,32805.41014291777,0.0,0.0,0.001429093529322552,0.0
4214,Cobradores y afines,32803.8423817087,32803.8423817087,0.0,0.0,0.001429025233349734,0.0,0.0
2261,Odontólogos,31532.608718814812,0.0,31532.608718814812,0.0,0.0,0.001373646812717768,0.0
3115,Técnicos en ingeniería mecánica,31058.850798351334,0.0,0.0,31058.850798351334,0.0,0.0,0.0013530086199425488
2221,Profesionales de enfermería,30512.93429081209,0.0,0.0,30512.93429081209,0.0,0.0,0.0013292270014510902
2652,"Compositores, músicos y cantantes",30497.927525254243,30497.927525254243,0.0,0.0,0.0013285732656355236,0.0,0.0
2635,Profesionales del trabajo social y consejeros,29848.881531669227,29848.881531669227,0.0,0.0,0.0013002990442304509,0.0,0.0
9312,Obreros y peones de obras públicas y mantenimiento,29158.562417149053,0.0,29158.562417149053,0.0,0.0,0.0012702268526184391,0.0
6114,Agricultores y trabajadores calificados de cultivos mixtos,28918.53358060287,0.0,28918.53358060287,0.0,0.0,0.0012597705389901512,0.0
1211,Directores financieros,28824.761601175655,28824.761601175655,0.0,0.0,0.0012556855746977558,0.0,0.0
3512,Técnicos en asistencia y soporte al usuario de tecnología de la información y las comunicaciones,28182.511642755104,28182.511642755104,0.0,0.0,0.0012277074072007512,0.0,0.0
2264,Fisioterapeutas,27891.63328485264,0.0,0.0,27891.63328485264,0.0,0.0,0.0012150359491306523
3213,Técnicos y asistentes farmacéuticos,26819.293019593533,0.0,0.0,26819.293019593533,0.0,0.0,0.001168321869726141
8344,Operadores de montacargas,26799.213661099024,0.0,26799.213661099024,0.0,0.0,0.0011674471578669557,0.0
7123,Revocadores,26354.942704817513,0.0,26354.942704817513,0.0,0.0,0.0011480934980248178,0.0
2320,Profesores de formación profesional,25547.42276912845,25547.42276912845,0.0,0.0,0.0011129157175957765,0.0,0.0
9510,Trabajadores ambulantes de servicios y afines,25439.256860244393,0.0,25439.256860244393,0.0,0.0,0.0011082037143071097,0.0
2422,Profesionales en políticas de administración,25341.547734184707,25341.547734184707,0.0,0.0,0.0011039472371224216,0.0,0.0
3321,Agentes de seguros,25137.155665684317,25137.155665684317,0.0,0.0,0.0010950433587296128,0.0,0.0
1219,Directores de administración y servicios no clasificados en otros grupos primarios,24884.62197385949,24884.62197385949,0.0,0.0,0.0010840422993509751,0.0,0.0
7534,"Tapiceros, colchoneros y afines",24649.54242674355,0.0,24649.54242674355,0.0,0.0,0.0010738015903278024,0.0
3118,Delineantes y dibujantes técnicos,24521.659192699557,24521.659192699557,0.0,0.0,0.001068230646343718,0.0,0.0
3344,Secretarios médicos,24357.39294692273,24357.39294692273,0.0,0.0,0.0010610747587049697,0.0,0.0
3313,Técnicos de contabilidad y afines,24192.37593571156,24192.37593571156,0.0,0.0,0.001053886165667338,0.0,0.0
4224,Recepcionistas de hoteles,24133.30951518697,24133.30951518697,0.0,0.0,0.0010513130705892947,0.0,0.0
4323,Empleados de servicios de transporte,23973.162957452398,23973.162957452398,0.0,0.0,0.0010443366478466829,0.0,0.0
3434,Chefs,23510.54099226417,0.0,23510.54099226417,0.0,0.0,0.0010241835677878527,0.0
2421,Analistas de gestión y organización,22877.428539872326,22877.428539872326,0.0,0.0,0.0009966034550837278,0.0,0.0
3359,Agentes de gobierno y profesionales del nivel medio para la aplicación de regulaciones no clasificados en otros grupos primarios,22846.567243202502,22846.567243202502,0.0,0.0,0.0009952590524627818,0.0,0.0
7513,Operarios de la elaboración de productos lácteos,22455.10544471249,0.0,22455.10544471249,0.0,0.0,0.0009782059041935833,0.0
9613,Barrenderos y afines,22396.29013016938,0.0,22396.29013016938,0.0,0.0,0.0009756437479799449,0.0
4211,Cajeros de bancos y afines,22067.764330398782,0.0,0.0,22067.764330398782,0.0,0.0,0.0009613322642148492
5132,Bármanes,21924.642639206875,0.0,21924.642639206875,0.0,0.0,0.0009550974912948644,0.0
2151,Ingenieros electricistas,21693.88969345812,21693.88969345812,0.0,0.0,0.0009450452608790574,0.0,0.0
5312,Auxiliares de maestros,21609.578663994118,0.0,0.0,21609.578663994118,0.0,0.0,0.0009413724414833352
4229,Otros empleados de servicios de información al cliente no clasificados en otros grupos primarios,21575.501816979926,21575.501816979926,0.0,0.0,0.000939887960681067,0.0,0.0
7533,"Costureros, bordadores y afines",21534.726440955892,0.0,21534.726440955892,0.0,0.0,0.0009381116736059237,0.0
2642,Periodistas,21320.57009755548,21320.57009755548,0.0,0.0,0.0009287824366512996,0.0,0.0
4225,Empleados de ventanillas de información,21086.199868967757,21086.199868967757,0.0,0.0,0.0009185726274862443,0.0,0.0
2636,Profesionales religiosos,20998.302928246012,0.0,0.0,20998.302928246012,0.0,0.0,0.0009147435959732877
3423,Instructores de educación física y actividades recreativas,20727.549057493263,0.0,20727.549057493263,0.0,0.0,0.0009029488156902154,0.0
8341,Operadores de maquinaria agrícola y forestal móvil,20680.237142101098,0.0,20680.237142101098,0.0,0.0,0.0009008877790547263,0.0
8131,Operadores de plantas y máquinas de productos químicos,20566.715808185905,0.0,20566.715808185905,0.0,0.0,0.0008959424787816465,0.0
3511,Técnicos en operaciones de tecnología de la información y las comunicaciones,20446.129002786154,20446.129002786154,0.0,0.0,0.0008906893872163314,0.0,0.0
2143,Ingenieros medioambientales,20277.87239588394,20277.87239588394,0.0,0.0,0.0008833596685162093,0.0,0.0
9629,Otras ocupaciones elementales no clasificadas en otros grupos primarios,20032.49371718117,0.0,0.0,20032.49371718117,0.0,0.0,0.0008726703011088168
7223,Ajustadores y operadores de máquinas herramientas,19931.761205054838,0.0,19931.761205054838,0.0,0.0,0.0008682821169451379,0.0
7532,"Patronistas y cortadores de tela, cuero y afines",19826.771038469327,0.0,19826.771038469327,0.0,0.0,0.0008637084576902712,0.0
2132,"Agrónomos, silvicultores, zootecnistas y afines",18635.734895639118,18635.734895639118,0.0,0.0,0.0008118236607164586,0.0,0.0
1431,"Gerentes de centros deportivos, de esparcimiento y culturales",18426.03749496406,18426.03749496406,0.0,0.0,0.0008026886675212834,0.0,0.0
2144,Ingenieros mecánicos,18258.202366322475,18258.202366322475,0.0,0.0,0.000795377309568745,0.0,0.0
3332,Organizadores de conferencias y eventos,17732.2952663373,17732.2952663373,0.0,0.0,0.0007724673556818903,0.0,0.0
2250,Veterinarios,17643.640137771006,0.0,17643.640137771006,0.0,0.0,0.0007686052954295297,0.0
2131,"Biólogos, botánicos, zoólogos y afines",17460.275768975695,17460.275768975695,0.0,0.0,0.0007606174412368192,0.0,0.0
3521,Técnicos de radiodifusión y grabación audio visual,17450.18681134093,17450.18681134093,0.0,0.0,0.0007601779386056788,0.0,0.0
4414,Escribientes públicos y afines,17261.20274533862,0.0,0.0,17261.20274533862,0.0,0.0,0.0007519452750086572
2353,Otros profesores de idiomas,17183.795121954787,17183.795121954787,0.0,0.0,0.000748573186892211,0.0,0.0
4212,Receptores de apuestas y afines,16927.624624052194,16927.624624052194,0.0,0.0,0.0007374136982785634,0.0,0.0
2351,Especialistas en métodos pedagógicos,16759.01251277979,16759.01251277979,0.0,0.0,0.0007300684928342466,0.0,0.0
3324,Agentes de operaciones comerciales y consignatarios,16421.405646593288,16421.405646593288,0.0,0.0,0.0007153614129404092,0.0,0.0
4221,Empleados y consultores de viajes,16240.213207095709,16240.213207095709,0.0,0.0,0.0007074681739374497,0.0,0.0
3432,Diseñadores y decoradores de interiores,15890.081088061528,15890.081088061528,0.0,0.0,0.0006922154597192809,0.0,0.0
2163,Diseñadores de productos y de prendas,15130.071873227727,15130.071873227727,0.0,0.0,0.0006591073764362869,0.0,0.0
2269,Otros profesionales de la salud no clasificados en otros grupos primarios,15004.437472469412,0.0,0.0,15004.437472469412,0.0,0.0,0.0006536343977903307
1346,"Gerentes de sucursales de bancos, de servicios financieros y de seguros",14678.84366848653,14678.84366848653,0.0,0.0,0.0006394506397933313,0.0,0.0
4416,Empleados del servicio de personal,14573.523643976543,14573.523643976543,0.0,0.0,0.0006348626110236985,0.0,0.0
6223,Pescadores de alta mar,14465.805169455092,0.0,14465.805169455092,0.0,0.0,0.0006301700992015185,0.0
5112,Revisores y cobradores de los transportes públicos,14319.438103841858,0.0,14319.438103841858,0.0,0.0,0.0006237939488817226,0.0
1112,Directores del gobierno,14115.534137004648,14115.534137004648,0.0,0.0,0.0006149113335344133,0.0,0.0
5152,Mayordomos domésticos,14016.80920265527,0.0,14016.80920265527,0.0,0.0,0.000610610604958034,0.0
7314,Alfareros y ceramistas (barro y arcilla),13993.33477721893,0.0,13993.33477721893,0.0,0.0,0.0006095879946827931,0.0
1411,Gerentes de hoteles,13964.96350067035,13964.96350067035,0.0,0.0,0.000608352064159213,0.0,0.0
7127,Mecánicos montadores de aire acondicionado y refrigeración,13928.17342876115,0.0,13928.17342876115,0.0,0.0,0.0006067493878482114,0.0
7322,Impresores,13908.692323500101,0.0,13908.692323500101,0.0,0.0,0.000605900737538664,0.0
3339,Agentes de servicios comerciales no clasificados en otros grupos primarios,13904.950308209038,13904.950308209038,0.0,0.0,0.0006057377251021241,0.0,0.0
3431,Fotógrafos,13789.992539376337,0.0,0.0,13789.992539376337,0.0,0.0,0.0006007298497892274
2423,Profesionales de gestión de talento humano,13620.486410813908,13620.486410813908,0.0,0.0,0.0005933456985027855,0.0,0.0
7543,Clasificadores y probadores de productos (excluyendo alimentos y bebidas),13409.897364108005,0.0,0.0,13409.897364108005,0.0,0.0,0.0005841718627640305
3513,Técnicos en redes y sistemas de computación,13402.362062694945,13402.362062694945,0.0,0.0,0.0005838436043931098,0.0,0.0
9622,Personas que realizan trabajos varios,13396.78865843975,0.0,13396.78865843975,0.0,0.0,0.0005836008116365889,0.0
7119,Oficiales y operarios de la construcción de obra gruesa y afines no clasificados en otros grupos primarios,13393.381564460393,0.0,13393.381564460393,0.0,0.0,0.0005834523892898333,0.0
7222,Herramentistas y afines,13370.130155050563,0.0,13370.130155050563,0.0,0.0,0.0005824394942036125,0.0
2513,Desarrolladores web y multimedia,13176.151192197496,13176.151192197496,0.0,0.0,0.0005739892392173061,0.0,0.0
8181,Operadores de máquinas y de instalaciones para elaborar productos de vidrio y cerámica,13105.630970669463,0.0,13105.630970669463,0.0,0.0,0.0005709171851922824,0.0
9331,Conductores de vehículos accionados a pedal o a brazo,12954.221747294356,0.0,12954.221747294356,0.0,0.0,0.0005643213846684523,0.0
5151,"Supervisores  de mantenimiento y limpieza en oficinas, hoteles y otros establecimientos",12878.235335888457,0.0,12878.235335888457,0.0,0.0,0.0005610112084388754,0.0
3112,Técnicos en ingeniería civil,12771.51740415603,12771.51740415603,0.0,0.0,0.0005563622830013611,0.0,0.0
5222,Supervisores de tiendas y almacenes,12728.734186177724,12728.734186177724,0.0,0.0,0.0005544985288306304,0.0,0.0
7234,Reparadores de bicicletas y afines,12629.258489276232,0.0,12629.258489276232,0.0,0.0,0.0005501650949809254,0.0
7125,Cristaleros,12586.82841776323,0.0,12586.82841776323,0.0,0.0,0.0005483167248375937,0.0
3142,Técnicos agropecuarios,12519.061142445193,0.0,0.0,12519.061142445193,0.0,0.0,0.0005453645966905924
8143,Operadores de máquinas para fabricar productos de papel,12424.158697894847,0.0,12424.158697894847,0.0,0.0,0.000541230386240763,0.0
2433,Profesionales de ventas técnicas y médicas (excluyendo las TIC),11981.305831835456,11981.305831835456,0.0,0.0,0.0005219385022932595,0.0,0.0
3411,"Técnicos y profesionales del nivel medio del derecho, de servicios legales y afines",11914.568775411153,11914.568775411153,0.0,0.0,0.0005190312533033366,0.0,0.0
8156,Operadores de máquinas para la fabricación de calzado y afines,11876.941188553858,0.0,11876.941188553858,0.0,0.0,0.0005173920925470004,0.0
3522,Técnicos de ingeniería de las telecomunicaciones,11726.709942081448,11726.709942081448,0.0,0.0,0.0005108476079238709,0.0,0.0
2354,Otros profesores de música,11227.95054604107,11227.95054604107,0.0,0.0,0.0004891202823862565,0.0,0.0
8183,"Operadores de máquinas de embalaje, embotellamiento y etiquetado",11154.677897576457,0.0,11154.677897576457,0.0,0.0,0.00048592832510418283,0.0
8350,Marineros de cubierta y afines,11023.076980402035,0.0,11023.076980402035,0.0,0.0,0.00048019542865912853,0.0
2133,Profesionales de la protección medioambiental,10863.08434186377,10863.08434186377,0.0,0.0,0.0004732257110583371,0.0,0.0
5169,Otros trabajadores de servicios personales no clasificados en otros grupos primarios,10824.56116452695,0.0,10824.56116452695,0.0,0.0,0.0004715475359274317,0.0
2521,Diseñadores y administradores de bases de datos,10736.395155207878,10736.395155207878,0.0,0.0,0.0004677067830493191,0.0,0.0
9129,Otro personal de limpieza no clasificados en otros grupos primarios,10392.248817662543,0.0,10392.248817662543,0.0,0.0,0.0004527148258695894,0.0
7421,Ajustadores e instaladores en electrónica,10181.667144464227,0.0,10181.667144464227,0.0,0.0,0.0004435413113410232,0.0
3315,Tasadores y evaluadores,10050.567464711501,10050.567464711501,0.0,0.0,0.0004378302501710922,0.0,0.0
3342,Secretarios jurídicos,10005.094518336591,10005.094518336591,0.0,0.0,0.0004358493240634622,0.0,0.0
2413,Analistas financieros,9957.805235836739,9957.805235836739,0.0,0.0,0.00043378927337876024,0.0,0.0
3323,Agentes de compras,9816.947670024001,9816.947670024001,0.0,0.0,0.0004276531319623858,0.0,0.0
8343,"Operadores de grúas, aparatos elevadores y afines",9804.807537663717,0.0,9804.807537663717,0.0,0.0,0.0004271242745414416,0.0
4412,Empleados de servicios de correos,9547.503922119811,0.0,0.0,9547.503922119811,0.0,0.0,0.0004159154242194017
5242,"Demostradores de tiendas, almacenes y afines",9466.77462712226,9466.77462712226,0.0,0.0,0.0004123986349884438,0.0,0.0
2145,Ingenieros químicos,9437.68072323243,9437.68072323243,0.0,0.0,0.00041113122483839374,0.0,0.0
3355,Inspectores de policía y detectives,9388.817998098599,0.0,0.0,9388.817998098599,0.0,0.0,0.00040900263068244165
2631,Economistas,9147.89134718162,9147.89134718162,0.0,0.0,0.0003985072058007888,0.0,0.0
1323,Directores de empresas de construcción,9138.38464559763,9138.38464559763,0.0,0.0,0.00039809306783818773,0.0,0.0
4227,Entrevistadores de encuestas y de investigaciones de mercados,9122.728929172177,9122.728929172177,0.0,0.0,0.0003974110619451642,0.0,0.0
2355,Otros profesores de artes,9068.777624127588,9068.777624127588,0.0,0.0,0.00039506079530920887,0.0,0.0
6130,Productores y trabajadores calificados de explotaciones agropecuarias mixtas cuya producción se destina al mercado,9048.252732785993,0.0,9048.252732785993,0.0,0.0,0.00039416667481876125,0.0
2165,Cartógrafos y topógrafos,8805.833259865412,8805.833259865412,0.0,0.0,0.0003836062185213606,0.0,0.0
5413,Guardianes de prisión,8755.619874980719,0.0,8755.619874980719,0.0,0.0,0.0003814187859268137,0.0
2153,Ingenieros de telecomunicaciones,8745.23204172237,8745.23204172237,0.0,0.0,0.00038096626345480327,0.0,0.0
2654,"Directores y productores de cine, de teatro y afines",8723.892510649368,8723.892510649368,0.0,0.0,0.000380036655026122,0.0,0.0
8154,"Operadores de máquinas de blanqueamiento, teñido y limpieza de tejidos",8683.989864280671,0.0,8683.989864280671,0.0,0.0,0.00037829838644542384,0.0
3412,Trabajadores y asistentes sociales,8509.102890738803,8509.102890738803,0.0,0.0,0.00037067983081198833,0.0,0.0
4213,Prestamistas,8364.031020100228,8364.031020100228,0.0,0.0,0.0003643601027332018,0.0,0.0
9215,Obreros y peones forestales,8330.041799191096,0.0,8330.041799191096,0.0,0.0,0.00036287943916410323,0.0
5113,Guías,8268.414650049057,8268.414650049057,0.0,0.0,0.00036019479173290817,0.0,0.0
7122,"Enchapadores, parqueteros y colocadores de suelos",8138.364761400847,0.0,8138.364761400847,0.0,0.0,0.00035452946233917104,0.0
3221,Técnicos y profesionales del nivel medio en enfermería,8121.259136757163,0.0,8121.259136757163,0.0,0.0,0.0003537842944724438,0.0
2152,Ingenieros electrónicos,8000.572445548991,8000.572445548991,0.0,0.0,0.00034852685160769787,0.0,0.0
2651,"Escultores, pintores artísticos y afines",7997.379356745836,0.0,7997.379356745836,0.0,0.0,0.0003483877519126396,0.0
2265,Dietistas y nutricionistas,7918.493455422986,7918.493455422986,0.0,0.0,0.0003449512659597395,0.0,0.0
5153,Conserjes y afines,7855.246435563351,0.0,0.0,7855.246435563351,0.0,0.0,0.00034219605252279207
7121,Techadores,7795.332492507092,0.0,7795.332492507092,0.0,0.0,0.0003395860370416601,0.0
8114,Operadores de máquinas para fabricar cemento y otros productos minerales,7626.012906476789,0.0,7626.012906476789,0.0,0.0,0.00033221001205891137,0.0
3212,Técnicos de laboratorios médicos,7573.647820980597,7573.647820980597,0.0,0.0,0.0003299288454915979,0.0,0.0
2659,Artistas creativos e interpretativos no clasificados en otros grupos primarios,7493.5962082832375,0.0,7493.5962082832375,0.0,0.0,0.00032644157795800395,0.0
1330,Directores de servicios de tecnología de la información y las comunicaciones,7467.0941307681605,7467.0941307681605,0.0,0.0,0.0003252870748645995,0.0,0.0
8212,Ensambladores de equipos eléctricos y electrónicos,7418.458493712006,0.0,0.0,7418.458493712006,0.0,0.0,0.0003231683732873709
2149,Ingenieros no clasificados en otros grupos primarios,7414.523424155805,7414.523424155805,0.0,0.0,0.00032299695087821025,0.0,0.0
1111,Directores formuladores de políticas y normas,7238.968486075819,7238.968486075819,0.0,0.0,0.00031534929687974646,0.0,0.0
7323,Encuadernadores y afines,7206.527349696236,0.0,7206.527349696236,0.0,0.0,0.0003139360721134059,0.0
5411,Bomberos y rescatistas,7196.027037402066,0.0,7196.027037402066,0.0,0.0,0.00031347864974648254,0.0
5419,Personal de los servicios de protección no clasificados en otros grupos primarios,7128.577314323567,0.0,7128.577314323567,0.0,0.0,0.000310540355044903,0.0
2240,Paramédicos e instrumentadores quirúrgicos,7079.238554823556,0.0,0.0,7079.238554823556,0.0,0.0,0.00030839102352796444
3114,Técnicos en electrónica,7031.49974288636,7031.49974288636,0.0,0.0,0.0003063113901095808,0.0,0.0
7213,Chapistas y caldereros,6862.72675365753,0.0,6862.72675365753,0.0,0.0,0.00029895917638079084,0.0
7316,"Rotulistas, pintores decorativos y grabadores",6788.876834580495,0.0,6788.876834580495,0.0,0.0,0.0002957420716095289,0.0
3253,Trabajadores comunitarios de la salud,6779.508362631497,0.0,0.0,6779.508362631497,0.0,0.0,0.000295333955308479
2146,"Ingenieros de minas, metalúrgicos y afines",6629.86443932171,6629.86443932171,0.0,0.0,0.0002888150560911612,0.0,0.0
2612,Jueces,6596.125767149206,6596.125767149206,0.0,0.0,0.0002873453071113555,0.0,0.0
3132,"Operadores de incineradores, instalaciones de tratamiento de agua y afines",6408.6692110784525,0.0,0.0,6408.6692110784525,0.0,0.0,0.0002791791860312434
3331,Declarantes o gestores de aduana,6363.865200224073,6363.865200224073,0.0,0.0,0.00027722740058729544,0.0,0.0
8157,Operadores de máquinas de lavandería,6219.678653259229,0.0,6219.678653259229,0.0,0.0,0.0002709462396328939,0.0
3214,Técnicos de prótesis médicas y dentales,6219.596244619754,0.0,0.0,6219.596244619754,0.0,0.0,0.00027094264968681735
1223,Directores de investigación y desarrollo,6145.326990662521,6145.326990662521,0.0,0.0,0.0002677072775394946,0.0,0.0
3251,Higienistas y asistentes odontologícos,6088.49923355958,0.0,6088.49923355958,0.0,0.0,0.0002652317047724442,0.0
3111,Técnicos en ciencias físicas y químicas,5959.234231615787,0.0,0.0,5959.234231615787,0.0,0.0,0.0002596005671935829
6129,"Criadores y trabajadores pecuarios calificados, avicultores y criadores de insectos no clasificados en otros grupos primarios",5927.403433094176,0.0,5927.403433094176,0.0,0.0,0.00025821393041622733,0.0
3211,Técnicos en aparatos de diagnóstico y tratamiento médico,5803.953166416306,0.0,5803.953166416306,0.0,0.0,0.0002528360986337896,0.0
1349,Directores y gerentes de servicios profesionales no clasificados en otros grupos primarios,5781.439742393313,5781.439742393313,0.0,0.0,0.0002518553522125747,0.0,0.0
3240,Técnicos y asistentes veterinarios,5710.325426751159,0.0,5710.325426751159,0.0,0.0,0.00024875741782054444,0.0
2266,Fonoaudiólogos y terapeutas del lenguaje,5511.4688291092825,0.0,0.0,5511.4688291092825,0.0,0.0,0.00024009467970158646
5165,Instructores de conducción,5355.860780938179,0.0,0.0,5355.860780938179,0.0,0.0,0.00023331596686784845
7321,Preimpresores y afines,5318.989834967382,5318.989834967382,0.0,0.0,0.00023170976746118615,0.0,0.0
8152,Operadores de telares y otras máquinas tejedoras,5214.932697315078,0.0,5214.932697315078,0.0,0.0,0.00022717675350248588,0.0
2113,Químicos,5078.55398085971,5078.55398085971,0.0,0.0,0.0002212357230329809,0.0,0.0
3119,Técnicos en ciencias físicas y en ingeniería no clasificados en otros grupos primarios,4914.862437371652,0.0,0.0,4914.862437371652,0.0,0.0,0.00021410487100020708
2643,"Traductores, intérpretes y otros lingüistas",4863.791523228148,4863.791523228148,0.0,0.0,0.000211880082082126,0.0,0.0
2267,Optómetras,4846.709311740391,0.0,0.0,4846.709311740391,0.0,0.0,0.00021113593415660633
7311,Mecánicos y reparadores de instrumentos de precisión,4762.132974866569,0.0,4762.132974866569,0.0,0.0,0.00020745155724335879,0.0
8122,"Operadores de máquinas pulidoras, galvanizadoras y recubridoras de metales",4680.670638314796,0.0,4680.670638314796,0.0,0.0,0.0002039028347142863,0.0
7515,Catadores y clasificadores de alimentos y bebidas,4590.765701500332,0.0,0.0,4590.765701500332,0.0,0.0,0.00019998632939104954
8219,Ensambladores no clasificados en otros grupos primarios,4558.540426778267,0.0,0.0,4558.540426778267,0.0,0.0,0.00019858250814981787
2656,"Locutores de radio, televisión y otros medios de comunicación",4506.8631153054,4506.8631153054,0.0,0.0,0.0001963313029029722,0.0,0.0
8112,Operadores de instalaciones de procesamiento de minerales y rocas,4488.092301027551,0.0,4488.092301027551,0.0,0.0,0.00019551359481434524,0.0
2632,"Sociólogos, antropólogos y afines",4249.179468316274,4249.179468316274,0.0,0.0,0.00018510589737016263,0.0,0.0
3311,"Agentes de bolsa, cambio y otros servicios financieros",4204.437415919097,4204.437415919097,0.0,0.0,0.00018315681100633245,0.0,0.0
2120,"Matemáticos, actuarios y estadísticos",4203.536839312677,4203.536839312677,0.0,0.0,0.0001831175794224173,0.0,0.0
5111,Personal de servicio a pasajeros,4037.0100035637884,0.0,4037.0100035637884,0.0,0.0,0.00017586321429207693,0.0
2621,Archivistas y curadores de arte,3995.872503716908,3995.872503716908,0.0,0.0,0.00017407115211124863,0.0,0.0
8121,Operadores de instalaciones de procesamiento de metales,3937.81555473767,0.0,3937.81555473767,0.0,0.0,0.00017154203237895502,0.0
4223,Telefonistas,3898.934337925182,3898.934337925182,0.0,0.0,0.00016984826006771598,0.0,0.0
1344,Directores  de servicios de bienestar social,3848.4882485355815,3848.4882485355815,0.0,0.0,0.00016765069022749046,0.0,0.0
8151,"Operadores de máquinas de preparación de fibras, hilado y devanado",3785.6725513723195,0.0,3785.6725513723195,0.0,0.0,0.0001649142663887145,0.0
6221,Trabajadores de explotaciones de acuicultura,3726.7712338602846,0.0,3726.7712338602846,0.0,0.0,0.00016234836365016286,0.0
7315,"Sopladores, modeladores, laminadores, cortadores y pulidores de vidrio",3661.732714140099,0.0,3661.732714140099,0.0,0.0,0.0001595151075718541,0.0
1222,Directores de publicidad y relaciones públicas,3612.1239761824327,3612.1239761824327,0.0,0.0,0.00015735401505375112,0.0,0.0
8211,Ensambladores de maquinaria mecánica,3553.872705433718,0.0,0.0,3553.872705433718,0.0,0.0,0.0001548164301328756
3153,Pilotos de aviación y afines,3386.1862972516346,3386.1862972516346,0.0,0.0,0.00014751155085094138,0.0,0.0
5241,"Modelos de moda, arte y publicidad",3384.8235508495877,0.0,3384.8235508495877,0.0,0.0,0.00014745218588471207,0.0
2262,Farmacéuticos,3380.3564175179845,3380.3564175179845,0.0,0.0,0.0001472575853200185,0.0,0.0
8172,Operadores de instalaciones de procesamiento de la madera,3298.3224264512196,0.0,3298.3224264512196,0.0,0.0,0.0001436839599543461,0.0
3514,Técnicos de la Web,3194.4709425121946,3194.4709425121946,0.0,0.0,0.0001391599048347412,0.0,0.0
2114,Geólogos y geofísicos,3182.8608455960184,3182.8608455960184,0.0,0.0,0.00013865413720966254,0.0,0.0
2432,Profesionales de relaciones públicas,3109.8180474077226,3109.8180474077226,0.0,0.0,0.00013547219283525144,0.0,0.0
2622,"Bibliotecarios, documentalistas y afines",3052.967876669608,3052.967876669608,0.0,0.0,0.00013299564366885542,0.0,0.0
7113,"Labrantes, tronzadores y grabadores de piedra",2930.305068551866,0.0,2930.305068551866,0.0,0.0,0.0001276521157383734,0.0
7232,Mecánicos y reparadores de sistemas y motores de aeronaves,2914.3442188232293,0.0,2914.3442188232293,0.0,0.0,0.00012695681740281493,0.0
1114,"Dirigentes de organizaciones con un interés específico
(partidos políticos, sindicatos y organizaciones sociales)",2862.397891803907,2862.397891803907,0.0,0.0,0.00012469389310185437,0.0,0.0
9216,Obreros y peones de pesca y acuicultura,2843.416470775055,0.0,2843.416470775055,0.0,0.0,0.00012386701040624097,0.0
7523,Ajustadores y operadores de máquinas para trabajar madera,2773.8194834419687,0.0,2773.8194834419687,0.0,0.0,0.00012083517499175433,0.0
2529,Profesionales en bases de datos y en redes de computadores no clasificados en otros grupos primarios,2754.08890273549,2754.08890273549,0.0,0.0,0.00011997565684841868,0.0,0.0
3121,Supervisores de minas,2749.3045767938042,0.0,0.0,2749.3045767938042,0.0,0.0,0.00011976723850474772
3421,Atletas y deportistas,2723.838377968583,0.0,2723.838377968583,0.0,0.0,0.00011865786112464438,0.0
3230,Técnicos y profesionales del nivel medio en medicina tradicional y alternativa,2698.0563677962887,0.0,0.0,2698.0563677962887,0.0,0.0,0.00011753472613716403
3151,Oficiales maquinistas en navegación,2655.326906362996,0.0,0.0,2655.326906362996,0.0,0.0,0.00011567331374878885
8141,Operadores de máquinas para fabricar productos de caucho,2612.6517381415533,0.0,2612.6517381415533,0.0,0.0,0.00011381426652144664,0.0
2352,Profesores de educación especial e inclusiva,2570.441904179634,2570.441904179634,0.0,0.0,0.00011197549052913426,0.0,0.0
2514,Programadores de aplicaciones,2500.863372601095,2500.863372601095,0.0,0.0,0.00010894445909787135,0.0,0.0
2641,Autores y otros escritores,2482.858011011292,2482.858011011292,0.0,0.0,0.00010816009622513174,0.0,0.0
7516,Preparadores y elaboradores de cigarros y productos del tabaco,2470.4188394404096,0.0,2470.4188394404096,0.0,0.0,0.00010761821183701903,0.0
9332,Conductores de vehículos y maquinaria de tracción animal,2396.6205141528935,0.0,2396.6205141528935,0.0,0.0,0.00010440335463255887,0.0
3135,Controladores de procesos de producción de metales,2348.4312499544008,0.0,0.0,2348.4312499544008,0.0,0.0,0.00010230409827975425
3351,Agentes de aduanas e inspectores de fronteras,2342.476908459736,0.0,0.0,2342.476908459736,0.0,0.0,0.00010204471085358489
3116,Técnicos en química industrial,2304.4018380994016,2304.4018380994016,0.0,0.0,0.00010038605649006973,0.0,0.0
7413,Instaladores y reparadores de líneas eléctricas,2194.5355888470467,0.0,2194.5355888470467,0.0,0.0,9.55999817172361e-05,0.0
4313,Auxiliares encargados de las nóminas,2150.0089409811017,2150.0089409811017,0.0,0.0,9.366027896484167e-05,0.0,0.0
3154,Controladores de tráfico aéreo y marítimo,2139.049137747524,2139.049137747524,0.0,0.0,9.318283991391929e-05,0.0,0.0
4411,Empleados de bibliotecas,2124.3536501420554,2124.3536501420554,0.0,0.0,9.254266421863846e-05,0.0,0.0
3258,Técnicos en atención prehospitalaria,2077.0775710738153,0.0,2077.0775710738153,0.0,0.0,9.048318871158558e-05,0.0
8311,Maquinistas de locomotoras,2053.3653082342876,0.0,2053.3653082342876,0.0,0.0,8.94502175875565e-05,0.0
3133,Controladores de instalaciones de procesamiento de productos químicos,2026.642150301096,0.0,0.0,2026.642150301096,0.0,0.0,8.828608362553582e-05
4419,Otro personal de apoyo administrativo no clasificados en otros grupos primarios,2009.6246039012271,2009.6246039012271,0.0,0.0,8.754475268838094e-05,0.0,0.0
8159,Operadores de máquinas para fabricar productos textiles y artículos de piel y cuero no clasificados en otros grupos primarios,1994.437789531895,0.0,1994.437789531895,0.0,0.0,8.688317345338027e-05,0.0
8113,Perforadores y sondistas de pozos y afines,1956.120810911395,0.0,1956.120810911395,0.0,0.0,8.521398090339567e-05,0.0
5161,"Astrólogos, adivinos y trabajadores afines",1949.866307521963,0.0,0.0,1949.866307521963,0.0,0.0,8.494151760286008e-05
5163,Personal de servicios funerarios y embalsamadores,1914.231242143601,0.0,1914.231242143601,0.0,0.0,8.33891565402383e-05,0.0
3155,Técnicos en seguridad aeronáutica,1861.0506511716028,1861.0506511716028,0.0,0.0,8.107246432049358e-05,0.0,0.0
2230,Profesionales de medicina tradicional y alternativa,1858.2895332609664,1858.2895332609664,0.0,0.0,8.095218246080652e-05,0.0,0.0
4312,"Auxiliares de servicios estadísticos, financieros y de seguros",1840.4572727192724,1840.4572727192724,0.0,0.0,8.017536034389632e-05,0.0,0.0
2519,Desarrolladores y analistas de software y multimedia no clasificados en otros grupos primarios,1835.6270325025093,1835.6270325025093,0.0,0.0,7.996494184863054e-05,0.0,0.0
3117,Técnicos de minas y metalurgia,1832.6206873195263,1832.6206873195263,0.0,0.0,7.98339772172117e-05,0.0,0.0
7215,Aparejadores y empalmadores de cables,1776.1136644103499,0.0,1776.1136644103499,0.0,0.0,7.737237651022529e-05,0.0
2522,Administradores de sistemas,1707.7607980572566,1707.7607980572566,0.0,0.0,7.439473841363398e-05,0.0,0.0
1322,Directores de explotaciones de minería,1624.6278107327541,1624.6278107327541,0.0,0.0,7.077323776050625e-05,0.0,0.0
3134,Operadores de instalaciones de refinación de petróleo y gas natural,1591.5510452726762,0.0,0.0,1591.5510452726762,0.0,0.0,6.933232325024758e-05
1213,Directores de políticas y planeación,1528.143848122278,1528.143848122278,0.0,0.0,6.657013205174261e-05,0.0,0.0
3141,Técnicos en ciencias biológicas (excluyendo la medicina),1464.8403886522124,1464.8403886522124,0.0,0.0,6.381245995076039e-05,0.0,0.0
3255,Técnicos y asistentes terapeutas,1460.8583979045434,0.0,1460.8583979045434,0.0,0.0,6.363899352596873e-05,0.0
7214,Montadores de estructuras metálicas,1441.3657660556842,0.0,1441.3657660556842,0.0,0.0,6.278984108668165e-05,0.0
3353,Agentes de servicios de seguridad social,1386.5046464690693,1386.5046464690693,0.0,0.0,6.0399940437030796e-05,0.0,0.0
8171,Operadores de instalaciones para la preparación de papel y de pasta para papel,1375.1405473412487,0.0,0.0,1375.1405473412487,0.0,0.0,5.9904889149471926e-05
2653,Coreógrafos y bailarines,1367.7175312386555,0.0,1367.7175312386555,0.0,0.0,5.958152223425708e-05,0.0
7211,Moldeadores y macheros,1358.2141798637426,0.0,1358.2141798637426,0.0,0.0,5.9167530215940595e-05,0.0
2619,Profesionales en derecho no clasificados en otros grupos primarios,1355.112415891803,1355.112415891803,0.0,0.0,5.903240888069518e-05,0.0,0.0
3352,Agentes de administración tributaria,1230.5990370656664,1230.5990370656664,0.0,0.0,5.360826502090763e-05,0.0,0.0
3413,Auxiliares laicos de las religiones,1222.4868015592367,0.0,0.0,1222.4868015592367,0.0,0.0,5.3254873820490584e-05
7224,Pulidores de metales y afiladores de herramientas,1207.829202871298,0.0,1207.829202871298,0.0,0.0,5.2616348670246056e-05,0.0
2424,Profesionales en formación y desarrollo de personal,1174.569987223553,1174.569987223553,0.0,0.0,5.116748613002883e-05,0.0,0.0
7312,Fabricantes y afinadores de instrumentos musicales,1147.3479241144682,0.0,1147.3479241144682,0.0,0.0,4.99816184919008e-05,0.0
2655,Actores,1113.0937804145592,1113.0937804145592,0.0,0.0,4.8489414160335905e-05,0.0,0.0
7521,Operarios del tratamiento de la madera,1080.1725827470395,0.0,1080.1725827470395,0.0,0.0,4.705527660926621e-05,0.0
2633,"Filósofos, historiadores y especialistas en ciencias políticas",1071.8561518122885,1071.8561518122885,0.0,0.0,4.669299009664121e-05,0.0,0.0
1341,Directores de servicios de cuidados infantiles,1025.9721548915174,1025.9721548915174,0.0,0.0,4.4694157501247304e-05,0.0,0.0
2434,Profesionales de ventas de tecnología de la información y las comunicaciones,845.1477515980794,845.1477515980794,0.0,0.0,3.681695116349779e-05,0.0,0.0
2356,Instructores de tecnología de la información,841.7521943149447,841.7521943149447,0.0,0.0,3.6669031386831947e-05,0.0,0.0
9624,Acarreadores de agua y recolectores de leña,820.9849070970004,0.0,820.9849070970004,0.0,0.0,3.576435146801818e-05,0.0
3131,Operadores de plantas de producción de energía,813.6900521948401,813.6900521948401,0.0,0.0,3.544656760576475e-05,0.0,0.0
7114,"Operarios en cemento armado, enfoscadores y afines",797.7355551603661,0.0,797.7355551603661,0.0,0.0,3.475154601096585e-05,0.0
2164,"Planificadores urbanos, regionales y de tránsito",758.9130091077164,758.9130091077164,0.0,0.0,3.3060329558741555e-05,0.0,0.0
4322,Empleados de servicios de apoyo a la producción,727.5346831291124,727.5346831291124,0.0,0.0,3.169340372481237e-05,0.0,0.0
2523,Profesionales en redes de computadores,695.6415289543229,695.6415289543229,0.0,0.0,3.030405056439417e-05,0.0,0.0
3433,"Técnicos en galerías de arte, museos y bibliotecas",690.4145758124075,0.0,0.0,690.4145758124075,0.0,0.0,3.0076350167397426e-05
3152,"Capitanes, oficiales de cubierta y prácticos",617.2321018280029,617.2321018280029,0.0,0.0,2.6888321132695445e-05,0.0,0.0
7542,Dinamiteros y pegadores,600.8729259813092,0.0,600.8729259813092,0.0,0.0,2.6175670620304066e-05,0.0
3333,Agentes de empleo y contratistas de mano de obra,589.9823897878316,589.9823897878316,0.0,0.0,2.5701249031390876e-05,0.0,0.0
3143,Técnicos forestales,569.1199812428657,0.0,569.1199812428657,0.0,0.0,2.479242536700725e-05,0.0
3254,Técnicos en optometría y ópticas,543.7357433018847,0.0,0.0,543.7357433018847,0.0,0.0,2.368661842753597e-05
4413,"Codificadores de datos, correctores de pruebas de imprenta y afines",539.8349971658535,539.8349971658535,0.0,0.0,2.3516691240579715e-05,0.0,0.0
1113,Jefes de comunidades étnicas,521.8209489751972,0.0,0.0,521.8209489751972,0.0,0.0,2.2731949955711824e-05
8182,Operadores de máquinas de vapor y calderas,516.672058271253,0.0,516.672058271253,0.0,0.0,2.250765017234868e-05,0.0
7535,"Apelambradores, pellejeros y curtidores",515.2233578151985,0.0,515.2233578151985,0.0,0.0,2.2444540812073808e-05,0.0
6123,Criadores y trabajadores calificados de la apicultura y la sericicultura,495.47883587040144,0.0,495.47883587040144,0.0,0.0,2.1584415350207934e-05,0.0
3256,Asistentes médicos,485.24714630340117,485.24714630340117,0.0,0.0,2.1138694925115373e-05,0.0,0.0
2162,Arquitectos paisajistas,463.71831792250396,463.71831792250396,0.0,0.0,2.02008401871621e-05,0.0,0.0
2111,Físicos y astrónomos,451.92111305679816,451.92111305679816,0.0,0.0,1.9686921627259184e-05,0.0,0.0
7133,Limpiadores de fachadas y deshollinadores,440.7306917390729,0.0,440.7306917390729,0.0,0.0,1.9199436220861764e-05,0.0
1343,Directores de servicios de atención a personas mayores,416.4650040508737,416.4650040508737,0.0,0.0,1.814235639443399e-05,0.0,0.0
3354,Agentes gubernamentales de expedición de licencias,404.8098652097102,404.8098652097102,0.0,0.0,1.7634626619720035e-05,0.0,0.0
7124,Instaladores de material aislante y de insonorización,403.1229115841448,0.0,403.1229115841448,0.0,0.0,1.7561138298737002e-05,0.0
8155,Operadores de máquinas de tratamiento de pieles y cueros,394.31129686752405,0.0,394.31129686752405,0.0,0.0,1.7177280224122296e-05,0.0
8312,"Guardafrenos, guardagujas y agentes de maniobras",359.7045206749573,0.0,359.7045206749573,0.0,0.0,1.5669714255214945e-05,0.0
2112,Meteorólogos,249.70242761306298,249.70242761306298,0.0,0.0,1.087772175392234e-05,0.0,0.0
7549,"Otros oficiales, operarios y oficios relacionados no clasificados en otros grupos primarios",231.74139507242367,0.0,231.74139507242367,0.0,0.0,1.009528997599437e-05,0.0
6224,Cazadores y tramperos,222.30860768034745,0.0,222.30860768034745,0.0,0.0,9.684371918065388e-06,0.0
3252,Técnicos en documentación sanitaria,209.12574706926878,0.0,0.0,209.12574706926878,0.0,0.0,9.11009039818258e-06
1312,Directores de producción de piscicultura y pesca,131.23412955915592,0.0,131.23412955915592,0.0,0.0,5.716918171795993e-06,0.0
9123,Limpiadores de ventanas,123.79495765215138,0.0,123.79495765215138,0.0,0.0,5.392847465485575e-06,0.0
4131,Operadores de máquinas de procesamiento de texto y mecanógrafos,118.16573441046185,118.16573441046185,0.0,0.0,5.147623081008634e-06,0.0,0.0
8132,Operadores de máquinas para fabricar productos fotográficos,95.30126926201805,0.0,0.0,95.30126926201805,0.0,0.0,4.151584346766007e-06
3259,Otros técnicos y profesionales del nivel medio de la salud no clasificados en otros grupos primarios,91.11348172010719,0.0,0.0,91.11348172010719,0.0,0.0,3.969152849880289e-06
7541,Buzos,60.131059789304786,0.0,60.131059789304786,0.0,0.0,2.619473680768923e-06,0.0
3222,Técnicos y profesionales del nivel medio en partería,59.690546682381644,0.0,0.0,59.690546682381644,0.0,0.0,2.6002837231386706e-06
6320,Trabajadores pecuarios de subsistencia,57.013231165516096,0.0,57.013231165516096,0.0,0.0,2.483652525283233e-06,0.0
3314,"Técnicos y profesionales del nivel medio de servicios estadísticos, matemáticos y afines",48.76969007548972,48.76969007548972,0.0,0.0,2.1245412939607805e-06,0.0,0.0
5162,Acompañantes,41.398722810288255,0.0,41.398722810288255,0.0,0.0,1.8034417686795257e-06,0.0
