percentil_ingreso,ocupados,ocupados_con_ambos_indices,observaciones_con_ambos_indices,participacion_ambos_alta,participacion_ambos_baja,participacion_incertidumbre,participacion_solo_aioe_alta,participacion_solo_oit_alta,participacion_coincide
1,249077.28747217762,221163.39742208915,3312,0.2581079914201405,0.5567676858665439,0.18512432271331558,0.07765337421008264,0.10747094850323294,0.8148756772866844
2,256334.91991156817,238151.97569196636,3368,0.1881794681431987,0.6269135182296067,0.18490701362719453,0.08135331956730694,0.1035536940598876,0.8150929863728054
3,184742.6350664324,169854.65403648667,2505,0.16075404834714455,0.6284340876193537,0.2108118640335019,0.09230784730629119,0.11850401672721075,0.7891881359664983
4,430246.19879875425,398934.0772359502,6088,0.15496196384140754,0.6504190681489782,0.19461896800961428,0.09274644052323848,0.1018725274863758,0.8053810319903858
5,31614.432196213966,28412.419950153726,366,0.15639277541657892,0.6413361188449169,0.2022711057385041,0.11765207426587672,0.0846190314726274,0.7977288942614958
6,226285.0868608388,209559.02620099482,2964,0.11284760715293453,0.6847472198555704,0.20240517299149507,0.08371687976129166,0.11868829323020343,0.7975948270085049
7,491180.67107388895,470647.1367795344,7168,0.14137428474336455,0.6864929778062403,0.17213273745039534,0.07591967372876686,0.09621306372162848,0.8278672625496049
9,227213.20367545728,215826.8271073015,2979,0.09234052545973223,0.7432071580273958,0.16445231651287187,0.05614646129838482,0.10830585521448707,0.835547683487128
10,557014.7379250383,538059.3064046577,8124,0.11726317594635137,0.7101545350394618,0.1725822890141868,0.07129241520557662,0.10128987380861017,0.8274177109858132
12,159259.9619521516,154351.29078621988,2202,0.09657938093003475,0.7502096846473892,0.15321093442257602,0.06905821661222762,0.08415271781034842,0.846789065577424
13,380081.4665082033,372435.27861080976,5432,0.0862969032936875,0.7290398893255139,0.18466320738079867,0.06580246922575929,0.11886073815503938,0.8153367926192014
14,328455.25455328904,316128.77103980107,5048,0.1421495344107023,0.6920407401723553,0.16580972541694244,0.06703094642796725,0.09877877898897519,0.8341902745830576
16,159056.27932261233,157135.97708078596,2118,0.06378423936642447,0.7611890348120711,0.17502672582150436,0.05374127500074977,0.12128545082075459,0.8249732741784956
17,766666.3033075961,746862.6559806773,11198,0.08453204701494756,0.7473059331837438,0.16816201980130854,0.05820789885673869,0.10995412094456987,0.8318379801986914
20,143443.36744623873,140166.37604635328,2027,0.05701767879167676,0.7692357519846122,0.17374656922371104,0.05350388184786191,0.12024268737584914,0.826253430776289
21,387532.497464744,375156.6155386426,6137,0.08836188464703625,0.7327668298042309,0.17887128554873288,0.0662981331600894,0.11257315238864349,0.8211287144512671
22,123585.4850696422,121510.41271107041,1825,0.06809536417074265,0.7383292654905136,0.1935753703387439,0.07524568433698425,0.11832968600175964,0.8064246296612563
23,224656.2012476649,220966.62100290816,3307,0.08134560335189915,0.7617473575957534,0.15690703905234743,0.049788304230232346,0.10711873482211512,0.8430929609476525
24,757027.5333570709,734353.2236926823,11849,0.09106747259788939,0.7435194399523055,0.16541308744980485,0.04774667922097081,0.11766640822883404,0.8345869125501949
27,129976.2558326373,126995.28509552134,1859,0.05762475823731416,0.7994822369404809,0.14289300482220493,0.03125560736864579,0.11163739745355916,0.8571069951777951
28,419109.9798097885,406389.9285291389,6993,0.0841346997213493,0.7483306347799165,0.16753466549873428,0.054403287676017556,0.11313137782271669,0.8324653345012658
29,47399.76612069055,45390.86532039665,764,0.07616072820250881,0.7109921780393768,0.21284709375811448,0.04524763346593761,0.16759946029217682,0.7871529062418856
30,650378.3139727887,622864.4960551992,10201,0.09468239039194169,0.7088043434181036,0.19651326618995463,0.04832553904543952,0.14818772714451514,0.8034867338100453
32,500127.0414508347,476231.375491439,7152,0.1510952797247876,0.6549410601912329,0.19396366008397936,0.05164730969493127,0.1423163503890481,0.8060363399160204
35,245780.55479901214,237498.55663319747,3740,0.0696645587832675,0.760730077308068,0.16960536390866446,0.03851249473567004,0.1310928691729944,0.8303946360913355
36,191939.58291365032,185585.70179724757,2689,0.04918474332270507,0.767546141520913,0.18326911515638178,0.04218787981860374,0.14108123533777805,0.8167308848436181
37,723174.4654151888,693247.4229748165,10982,0.08846980158626212,0.7176831134172044,0.19384708499653355,0.0336773174986998,0.16016976749783376,0.8061529150034665
40,600886.5538060709,579085.5797385907,9593,0.14187723891551032,0.6377975420445328,0.22032521903995692,0.03544132877104927,0.18488389026890767,0.7796747809600431
42,53735.83290350974,53050.32327695763,823,0.08995314675703156,0.6825154358923492,0.22753141735061927,0.028878843326568687,0.19865257402405054,0.7724685826493808
43,623798.7037998461,599424.7061476142,9820,0.15262584289622314,0.6333101471789399,0.21406400992483687,0.034451901244455324,0.17961210868038158,0.785935990075163
45,72043.52695345791,67084.45310197557,1189,0.10910367667667291,0.7081411255491056,0.18275519777422147,0.04244184726235413,0.1403133505118673,0.8172448022257784
46,376815.28845578956,370019.36448298907,5378,0.2000901782963806,0.5560972498480831,0.24381257185553623,0.0315507869403537,0.21226178491518255,0.7561874281444636
47,2244457.767320837,2200999.4086553776,34403,0.20398402741907873,0.5641046503116359,0.23191132226928557,0.030319143825366136,0.20159217844391944,0.7680886777307147
57,178878.12345566927,175169.4930184362,2778,0.13599182219119432,0.6332281581130709,0.2307800196957349,0.028489374977348908,0.20229064471838595,0.7692199803042652
58,360473.49972449045,336320.2196078218,4938,0.2066412218934885,0.5584446176667944,0.23491416043971705,0.04447651816804794,0.19043764227166912,0.7650858395602829
59,683873.8243279881,636656.9454914104,10012,0.2137061681993055,0.5678275371148008,0.21846629468589362,0.04039815311310789,0.17806814157278572,0.7815337053141063
62,44418.719760915854,44266.87773579838,598,0.10439538818616652,0.6217948291692629,0.27380978264457057,0.05619023269088966,0.2176195499536809,0.7261902173554294
63,751137.4397912335,722526.624731675,11227,0.21478261341350322,0.5787146582518229,0.20650272833467395,0.03636346918741982,0.1701392591472542,0.7934972716653261
66,271487.6534683371,267179.3101738351,4482,0.1977586553106126,0.5737158771704644,0.228525467518923,0.0259506716760084,0.20257479584291463,0.771474532481077
67,122599.13162604134,119366.10212147514,1656,0.16171461031026443,0.6278568599695106,0.210428529720225,0.021696072493145924,0.18873245722707907,0.789571470279775
68,270814.21719584236,260409.82866385882,3655,0.19933893263228636,0.5754740546744562,0.22518701269325742,0.032216233142285146,0.19297077955097228,0.7748129873067426
69,192613.6112188229,190041.10394565904,2386,0.2127733270152723,0.5847891505195287,0.202437522465199,0.03590806792032764,0.1665294545448714,0.797562477534801
70,653234.5264983521,625458.6097345139,9437,0.30184983367322143,0.4944891949938696,0.2036609713329088,0.03899401831644753,0.16466695301646128,0.796339028667091
72,65518.41588041649,60560.093682432365,1125,0.21220621032733078,0.5885395709456844,0.19925421872698473,0.03898665784420172,0.160267560882783,0.8007457812730152
73,198096.83754294144,194087.92484182032,2535,0.2535821133229209,0.5481162538742611,0.19830163280281798,0.037746295981107535,0.16055533682171044,0.801698367197182
74,732919.448326843,701801.154825836,10384,0.31391386996394416,0.47813625896489925,0.20794987107115676,0.03882666973625076,0.16912320133490596,0.7920501289288434
77,443820.42904695275,413317.524740572,5908,0.4505101649116393,0.3665809960377794,0.18290883905058136,0.04008221571483321,0.14282662333574814,0.8170911609494187
79,199076.22448471503,194055.94488061935,2673,0.3104665094630958,0.4827087441812913,0.206824746355613,0.05004966224006582,0.15677508411554716,0.793175253644387
80,239941.1828075063,233274.48951840337,3298,0.4088596131281443,0.4304917996391283,0.16064858723272743,0.03263708408075128,0.12801150315197615,0.8393514127672725
81,347044.5751658964,335967.5889740528,4684,0.4092851894067244,0.4206371489966664,0.1700776615966094,0.04913403839857223,0.12094362319803717,0.8299223384033908
82,203276.29370436136,193383.10314827628,2543,0.4787337341380837,0.3554281150093307,0.16583815085258571,0.0572577366566761,0.1085804141959096,0.8341618491474143
83,257635.94576213163,248825.26052725583,4193,0.574243771187865,0.26224173635288855,0.16351449245924649,0.05927867469306085,0.10423581776618566,0.8364855075407536
84,123631.81744321008,121956.63412953076,1881,0.4944778107333818,0.3260947802438946,0.17942740902272358,0.06725366127154359,0.11217374775118,0.8205725909772764
85,269464.0056351606,262373.2584652027,4062,0.5210135647753645,0.30549402736824377,0.17349240785639164,0.07966987354650314,0.09382253430988853,0.8265075921436082
86,289853.69833662454,280561.8581703112,3968,0.562161015921347,0.25493445238825263,0.18290453169040038,0.06237518694675832,0.12052934474364206,0.8170954683095997
87,356468.7767425142,347125.970494705,5601,0.6131226175025201,0.21134329831840568,0.17553408417907435,0.058975038862437816,0.11655904531663651,0.8244659158209258
89,221673.10621911855,217383.89172235777,3356,0.6083540679506495,0.21558718366130752,0.17605874838804297,0.09481246868322066,0.0812462797048223,0.8239412516119571
90,228140.0364888559,224453.4565513198,3581,0.6807024691071443,0.17281575693056497,0.14648177396229087,0.08469626461484703,0.06178550934744386,0.8535182260377092
91,355126.03063580027,349182.25372735003,5275,0.6822231193745776,0.16945937974778863,0.1483175008776339,0.0708131646317178,0.0775043362459161,0.8516824991223662
92,164670.51712137443,160360.4776475315,2382,0.7315821553350212,0.1149752375053661,0.15344260715961253,0.0658102565661375,0.08763235059347503,0.8465573928403873
93,163510.2044662035,162010.62914016494,2678,0.728116393490769,0.13657819701279356,0.13530540949643755,0.07635244945142745,0.058952960045010105,0.8646945905035626
94,283404.75052837573,278428.00253837614,3974,0.7572295982658724,0.1084315999781912,0.13433880175593635,0.0770254933697904,0.05731330838614595,0.8656611982440636
95,167875.4863263679,164411.0248641917,2613,0.8118638349134705,0.06468138004212554,0.12345478504440412,0.07294203585807972,0.050512749186324396,0.876545214955596
96,302612.83234042267,298077.0923754209,4205,0.8029555767737825,0.06540134258878742,0.13164308063743016,0.08347361546250204,0.04816946517492812,0.8683569193625699
97,166822.1873905361,164801.9615357111,2284,0.8217312541291164,0.03693511230552188,0.14133363356536177,0.10566668925822445,0.035666944307137315,0.8586663664346383
98,219742.85629022628,215398.44397670196,2435,0.8528386197128771,0.06970080011471083,0.07746058017241206,0.05187235564233113,0.025588224530080927,0.9225394198275879
99,245405.33650813333,243390.88180585438,2539,0.890080974138543,0.04158809695508908,0.06833092890636773,0.025019645725455376,0.043311283180912354,0.9316690710936322
100,210737.81266508868,207732.36765400227,1803,0.8662246835266167,0.0632545312408907,0.07052078523249239,0.018662747713740904,0.0518580375187515,0.9294792147675075
